Date/Time,CORNER_CLASS_1_POD_1_ZN_1_FLR_1:Zone Mean Air Temperature [C](Hourly),MULT_CLASS_1_POD_1_ZN_1_FLR_1:Zone Mean Air Temperature [C](Hourly),CORRIDOR_POD_1_ZN_1_FLR_1:Zone Mean Air Temperature [C](Hourly),CORNER_CLASS_2_POD_1_ZN_1_FLR_1:Zone Mean Air Temperature [C](Hourly),MULT_CLASS_2_POD_1_ZN_1_FLR_1:Zone Mean Air Temperature [C](Hourly),CORNER_CLASS_1_POD_1_ZN_1_FLR_1_LOTEMP:Zone Radiant HVAC Pump Electric Power [W](Hourly),MULT_CLASS_1_POD_1_ZN_1_FLR_1_LOTEMP:Zone Radiant HVAC Pump Electric Power [W](Hourly),CORRIDOR_POD_1_ZN_1_FLR_1_LOTEMP:Zone Radiant HVAC Pump Electric Power [W](Hourly),CORNER_CLASS_2_POD_1_ZN_1_FLR_1_LOTEMP:Zone Radiant HVAC Pump Electric Power [W](Hourly),MULT_CLASS_2_POD_1_ZN_1_FLR_1_LOTEMP:Zone Radiant HVAC Pump Electric Power [W](Hourly),HP_RADSYS:Heat Pump Electric Power [W](Hourly),HOT WATER LOOP HW SUPPLY PUMP2:Pump Electric Power [W](Hourly) 
 01/21  01:00:00,21.005546733602498,21.711416653767509,21.863547254162876,20.717038334475956,21.45710082229406,0.0,0.0,0.0,0.0,0.0,0.0,0.0 
 01/21  02:00:00,20.92296970969793,21.659079347037435,21.842681059527516,20.643734714517345,21.410993050393924,0.0,0.0,0.0,0.0,0.0,0.0,0.0 
 01/21  03:00:00,20.828586943230197,21.599497031931237,21.818459696698637,20.557371809163059,21.36171832415404,0.0,0.0,0.0,0.0,0.0,0.0,0.0 
 01/21  04:00:00,20.870135719060948,21.645661637417925,21.782363650280919,20.601938488721115,21.412266906852204,0.0,0.0,0.0,0.0,0.0,0.0,0.0 
 01/21  05:00:00,20.83384197851371,21.626836241898859,21.738496217118219,20.571348368874767,21.402296057822473,0.0,0.0,0.0,0.0,0.0,0.0,0.0 
 01/21  06:00:00,20.744481172688798,21.567451996506784,21.689486310410329,20.488499516781688,21.348967417598609,0.0,0.0,0.0,0.0,0.0,0.0,0.0 
 01/21  07:00:00,20.60554979195468,21.47131179336781,21.629754801073088,20.356412738844765,21.256250468798485,0.0,0.0,0.0,0.0,0.0,0.0,0.0 
 01/21  08:00:00,20.23791406580178,20.965863454858597,21.1677439342996,20.016201897500566,20.782253696100047,100.0,100.0,100.0,100.0,100.0,10060.461595354263,817.4059648084763 
 01/21  09:00:00,20.350859609774735,20.948191855618945,21.137985658912006,20.14360848948338,20.785434910089344,0.0,0.0,0.0,0.0,0.0,0.0,0.0 
 01/21  10:00:00,20.430375478805705,21.006493807823064,21.17289728185168,20.229702874132444,20.836016085276037,0.0,0.0,0.0,0.0,0.0,0.0,0.0 
 01/21  11:00:00,20.525037764580508,21.072555639203839,21.197168449214496,20.308066794863686,20.887879719674417,0.0,0.0,0.0,0.0,0.0,0.0,0.0 
 01/21  12:00:00,20.784927355493975,21.268239998145299,21.261342329950304,20.501798598282755,21.01399343742819,0.0,0.0,0.0,0.0,0.0,0.0,0.0 
 01/21  13:00:00,21.058974636383597,21.49507423596797,21.37498121932857,20.711015359563566,21.163926319001967,0.0,0.0,0.0,0.0,0.0,0.0,0.0 
 01/21  14:00:00,21.189864672482849,21.598539729201499,21.455635214869415,20.799518071110108,21.222046884825056,0.0,0.0,0.0,0.0,0.0,0.0,0.0 
 01/21  15:00:00,21.20919775232283,21.60541830316989,21.488685326818229,20.804445079880524,21.212561167222405,0.0,0.0,0.0,0.0,0.0,0.0,0.0 
 01/21  16:00:00,21.15210808284475,21.539689733935569,21.461826400794285,20.738855203648517,21.14387726299025,0.0,0.0,0.0,0.0,0.0,0.0,0.0 
 01/21  17:00:00,21.130006808806109,21.477078493820338,21.417213277601478,20.7108673259328,21.09300328397717,0.0,0.0,0.0,0.0,0.0,0.0,0.0 
 01/21  18:00:00,21.11134548127583,21.37087313497836,21.346392692279627,20.70346030362207,21.015045742986975,0.0,0.0,0.0,0.0,0.0,0.0,0.0 
 01/21  19:00:00,20.84387416753942,21.24440803822203,21.23561915216685,20.503092729449315,20.925824807750769,100.0,100.0,100.0,100.0,100.0,8925.018286335693,817.4059648084763 
 01/21  20:00:00,20.8037337033307,21.226791281572507,21.224655058189489,20.491126440537877,20.935953217304957,0.0,0.0,0.0,0.0,0.0,0.0,0.0 
 01/21  21:00:00,20.80523328316685,21.231329092266326,21.23460399356733,20.50831650129622,20.960382195814078,100.0,100.0,100.0,100.0,100.0,10349.871101367738,817.4059648084763 
 01/21  22:00:00,21.28020519538953,21.793405828131165,21.780591545373409,20.967865466145683,21.51683099214791,0.0,0.0,0.0,0.0,0.0,0.0,0.0 
 01/21  23:00:00,21.283655555885934,21.894796489600418,21.929951060183876,20.97993026282239,21.63004217157999,0.0,0.0,0.0,0.0,0.0,0.0,0.0 
 01/21  24:00:00,21.150243374984389,21.81404838216793,21.912883594459843,20.852421712450018,21.55348140765286,0.0,0.0,0.0,0.0,0.0,0.0,0.0 
 01/22  01:00:00,21.06497632160802,21.7385359085822,21.889070065957008,20.785989491793126,21.492268343330396,100.0,100.0,100.0,100.0,100.0,7258.745777412475,817.4059648084763 
 01/22  02:00:00,21.285135358839108,21.849270133438105,21.991998078010565,21.050630751036189,21.64413724949361,100.0,100.0,60.0,100.0,100.0,6096.599058965867,817.4059648084763 
 01/22  03:00:00,21.5717362634956,22.010271475593137,22.07725052407702,21.38500927573557,21.85464534360445,100.0,50.0,0.0,100.0,100.0,3947.9488628824899,817.4059648084763 
 01/22  04:00:00,21.798185392449505,22.049754811138226,22.09757319124814,21.658875028976789,22.015891067438149,100.0,10.0,0.0,100.0,15.0,1335.2975516127038,817.4059648084763 
 01/22  05:00:00,21.861684092979965,21.97370181877921,22.079714529664679,21.7569137711078,21.989946315377936,100.0,95.0,0.0,100.0,80.0,3963.0341862832949,817.4059648084763 
 01/22  06:00:00,21.928125108108565,21.994781647444506,22.049574738588228,21.847568241102637,21.993912838427425,100.0,45.0,0.0,100.0,50.0,2305.6090769809045,817.4059648084763 
 01/22  07:00:00,21.88878848056674,21.949159102168666,22.014737824582974,21.824667495166258,21.95468747416714,100.0,100.0,0.0,100.0,100.0,4195.037961813155,817.4059648084763 
 01/22  08:00:00,22.103562437386907,22.011588990944064,21.788550584454069,22.073485800753227,22.05969925438745,20.0,45.0,100.0,30.0,20.0,2049.2155328193668,817.4059648084763 
 01/22  09:00:00,23.77121062987278,23.81816163599097,22.09973519531824,23.73442223378836,23.750484744639726,91.66666666666666,90.0,35.0,90.0,90.0,192.67137507877482,286.0920876829665 
 01/22  10:00:00,23.99977576101215,24.52316731667777,22.515809688299677,23.999719079985117,23.999736570636764,100.0,100.0,0.0,100.0,100.0,0.0,0.0 
 01/22  11:00:00,24.00606121715145,24.964076795227507,22.805535958792125,23.999485107644725,23.99952084521601,100.0,100.0,0.0,100.0,100.0,0.0,0.0 
 01/22  12:00:00,24.150795192631528,25.289017863809485,23.038427939809688,23.999394077664659,23.999432855343579,100.0,100.0,65.0,100.0,100.0,0.0,0.0 
 01/22  13:00:00,24.28413739685445,25.48900742856229,23.15479772718579,23.999363625292177,23.999396608629888,100.0,100.0,100.0,100.0,100.0,0.0,0.0 
 01/22  14:00:00,24.325523824504228,25.610985722685166,23.165384506974765,23.999371253818489,23.99937939499929,100.0,100.0,100.0,100.0,100.0,0.0,0.0 
 01/22  15:00:00,24.363146550058909,25.566964182230575,23.130734343733484,23.999357257659626,23.999351649620885,100.0,100.0,100.0,100.0,100.0,0.0,0.0 
 01/22  16:00:00,24.47883858194441,25.334660496228559,23.089431995245044,23.99943698645631,23.99941583385421,100.0,100.0,100.0,100.0,100.0,0.0,0.0 
 01/22  17:00:00,24.015484904976675,24.135511458527735,22.94111343349818,23.567969028499058,23.255779093868225,100.0,100.0,35.0,100.0,90.0,0.0,0.0 
 01/22  18:00:00,23.695019343408089,23.63716435191091,22.50383458620911,22.504208954768495,22.2138323357758,100.0,100.0,0.0,15.0,20.0,238.82118548131676,163.48119296169518 
 01/22  19:00:00,22.663252392547564,23.058953096918978,22.060140883060045,21.726891723357029,21.85109616641865,15.0,65.0,30.0,95.0,100.0,3850.911685001206,817.4059648084763 
 01/22  20:00:00,21.99819899424812,22.569431533710639,21.753430105061758,21.4557095105721,21.786588645214768,45.0,0.0,100.0,100.0,100.0,4860.6704144215459,817.4059648084763 
 01/22  21:00:00,21.598239423040949,22.172230700047807,21.581514060763653,21.32479138925173,21.680410514970548,100.0,0.0,100.0,100.0,100.0,5143.546422540866,817.4059648084763 
 01/22  22:00:00,21.28045007051626,21.819677754452216,21.92939805815082,21.202117587837326,21.602695388024928,100.0,90.0,70.0,100.0,100.0,6997.246394974328,817.4059648084763 
 01/22  23:00:00,21.318456902216317,21.662536882347518,22.019884345130749,21.330293473012419,21.683593783718629,100.0,100.0,0.0,100.0,100.0,6295.542472764024,817.4059648084763 
 01/22  24:00:00,21.57675842263833,21.77577677351301,22.000474532988876,21.618969513548146,21.89832081600636,100.0,100.0,60.0,100.0,100.0,5886.157383922495,817.4059648084763 
 01/23  01:00:00,21.670825292184909,21.83825529725282,22.02915830466943,21.71160940566602,21.986900563980286,0.0,0.0,0.0,0.0,0.0,0.0,0.0 
 01/23  02:00:00,21.59686276299405,21.783609658826536,21.997912155380236,21.644679969475847,21.951077587870097,0.0,0.0,0.0,0.0,0.0,0.0,0.0 
 01/23  03:00:00,21.465674857133299,21.688777806915426,21.92853838762278,21.524518507417,21.873599576000509,0.0,0.0,0.0,0.0,0.0,0.0,0.0 
 01/23  04:00:00,21.151824076198716,21.47169732113343,21.835890871335864,21.21323589710643,21.657606857128969,0.0,0.0,0.0,0.0,0.0,0.0,0.0 
 01/23  05:00:00,20.88757572432082,21.287759107673887,21.736763389328279,20.95488090117031,21.480106960161974,0.0,0.0,0.0,0.0,0.0,0.0,0.0 
 01/23  06:00:00,20.785320587399516,21.212321918343997,21.644175662705277,20.8606560103043,21.416380370803389,0.0,0.0,0.0,0.0,0.0,0.0,0.0 
 01/23  07:00:00,20.745410807670827,21.196608809206745,21.608094178842806,20.82738194087115,21.41363580421363,100.0,100.0,100.0,100.0,100.0,10229.253079606704,817.4059648084763 
 01/23  08:00:00,20.965544211042489,21.197245559363183,21.45434229402064,21.037313108468,21.448429395087353,100.0,100.0,100.0,100.0,100.0,17205.125672404283,817.4059648084763 
 01/23  09:00:00,23.55727480788665,23.651286887584015,22.181661439435297,23.5081861011052,23.67496107495141,90.0,92.5,35.0,90.0,88.33333333333333,1539.2018447817569,286.0920876829665 
 01/23  10:00:00,23.9997045272584,24.51793242111078,22.790707321945246,23.99959631071355,24.008230320148436,100.0,100.0,0.0,100.0,100.0,0.0,0.0 
 01/23  11:00:00,23.999576257955974,24.948465134576006,23.076429062372829,23.99937456307939,23.999523636853366,100.0,100.0,80.0,100.0,100.0,0.0,0.0 
 01/23  12:00:00,24.119937884691724,25.285992745948137,23.21653333332585,23.999467857666664,23.999447459992675,0.0,0.0,0.0,0.0,0.0,0.0,0.0 
 01/23  13:00:00,24.343582485458798,25.58416844009309,23.377870128692388,23.999287303006559,23.999312269576298,100.0,100.0,100.0,100.0,100.0,0.0,0.0 
 01/23  14:00:00,24.39107579628285,25.708512989750909,23.44514947404651,23.99943358561402,23.99938286865481,0.0,0.0,0.0,0.0,0.0,0.0,0.0 
 01/23  15:00:00,24.487077564866487,25.711678936104968,23.536598612268287,23.99936802392898,23.99936687182829,0.0,0.0,0.0,0.0,0.0,0.0,0.0 
 01/23  16:00:00,24.723608546864296,25.60329516017901,23.661240098731537,23.999363115653197,23.999380212285723,0.0,0.0,0.0,0.0,0.0,0.0,0.0 
 01/23  17:00:00,24.057124163184857,24.377368871802476,23.689539843985299,23.999665540188688,23.999691295071167,0.0,0.0,0.0,0.0,0.0,0.0,0.0 
 01/23  18:00:00,23.99949137848195,23.999619177623264,23.323268537844478,23.56083614354578,23.31598486469658,100.0,100.0,100.0,100.0,100.0,0.0,0.0 
 01/23  19:00:00,23.830515798591369,23.973910486090057,22.868336700091107,22.895039253778273,22.855515866988019,100.0,100.0,25.0,35.0,5.0,0.0,0.0 
 01/23  20:00:00,23.27020647438466,23.679423892699626,22.566261823535255,22.48888148278828,22.66996087298255,100.0,100.0,0.0,0.0,0.0,0.0,0.0 
 01/23  21:00:00,22.787248820429288,23.314074831215238,22.384185505259226,22.278402194424538,22.575885174534993,5.0,100.0,0.0,0.0,0.0,0.0,0.0 
 01/23  22:00:00,22.464888895724493,23.100865418904186,22.678185738064117,22.041634501098764,22.53728991787557,0.0,0.0,0.0,0.0,0.0,0.0,0.0 
 01/23  23:00:00,22.196260876996474,22.91107044001027,22.73225268750579,21.817988833612917,22.441136981963049,0.0,0.0,0.0,0.0,0.0,0.0,0.0 
 01/23  24:00:00,22.03597388091341,22.78325573011484,22.646793760969915,21.702229295843837,22.381692596488496,0.0,0.0,0.0,0.0,0.0,0.0,0.0 
