Time,DOAS:DesPer 1:Des Heat Mass Flow [kg/s],DOAS:DesPer 1:Des Heat Cap [W],DOAS:DesPer 1:Des Cool Mass Flow [kg/s],DOAS:DesPer 1:Des Sens Cool Cap [W],DOAS:DesPer 1:Des Tot Cool Cap [W],DOAS:DesPer 2:Des Heat Mass Flow [kg/s],DOAS:DesPer 2:Des Heat Cap [W],DOAS:DesPer 2:Des Cool Mass Flow [kg/s],DOAS:DesPer 2:Des Sens Cool Cap [W],DOAS:DesPer 2:Des Tot Cool Cap [W]
00:03:00,2.578414E+00,5.933257E+04,2.578414E+00,0.000000E+00,0.000000E+00,2.578414E+00,0.000000E+00,3.783273E+00,5.021909E+04,9.803361E+04
00:06:00,2.578414E+00,5.933257E+04,2.578414E+00,0.000000E+00,0.000000E+00,2.578414E+00,0.000000E+00,3.790704E+00,5.023318E+04,9.813903E+04
00:09:00,2.578414E+00,5.933257E+04,2.578414E+00,0.000000E+00,0.000000E+00,2.578414E+00,0.000000E+00,3.798088E+00,5.024629E+04,9.824286E+04
00:12:00,2.578414E+00,5.933257E+04,2.578414E+00,0.000000E+00,0.000000E+00,2.578414E+00,0.000000E+00,3.805265E+00,5.025635E+04,9.834100E+04
00:15:00,2.578414E+00,5.933257E+04,2.578414E+00,0.000000E+00,0.000000E+00,2.578414E+00,0.000000E+00,3.812247E+00,5.026352E+04,9.843379E+04
00:18:00,2.578414E+00,5.933257E+04,2.578414E+00,0.000000E+00,0.000000E+00,2.578414E+00,0.000000E+00,3.819129E+00,5.026906E+04,9.852369E+04
00:21:00,2.578414E+00,5.933257E+04,2.578414E+00,0.000000E+00,0.000000E+00,2.578414E+00,0.000000E+00,3.826114E+00,5.027564E+04,9.861589E+04
00:24:00,2.578414E+00,5.933257E+04,2.578414E+00,0.000000E+00,0.000000E+00,2.578414E+00,0.000000E+00,3.832923E+00,5.027962E+04,9.870327E+04
00:27:00,2.578414E+00,5.933257E+04,2.578414E+00,0.000000E+00,0.000000E+00,2.578414E+00,0.000000E+00,3.839567E+00,5.028112E+04,9.878614E+04
00:30:00,2.578414E+00,5.933257E+04,2.578414E+00,0.000000E+00,0.000000E+00,2.578414E+00,0.000000E+00,3.846052E+00,5.028025E+04,9.886458E+04
00:33:00,2.578414E+00,5.933257E+04,2.578414E+00,0.000000E+00,0.000000E+00,2.578414E+00,0.000000E+00,3.852389E+00,5.027715E+04,9.893888E+04
00:36:00,2.578416E+00,5.933260E+04,2.578414E+00,0.000000E+00,0.000000E+00,2.578414E+00,0.000000E+00,3.858584E+00,5.027192E+04,9.900927E+04
00:39:00,2.579457E+00,5.935655E+04,2.578414E+00,0.000000E+00,0.000000E+00,2.578414E+00,0.000000E+00,3.864645E+00,5.026469E+04,9.907596E+04
00:42:00,2.580473E+00,5.937995E+04,2.578414E+00,0.000000E+00,0.000000E+00,2.578414E+00,0.000000E+00,3.870579E+00,5.025552E+04,9.913907E+04
00:45:00,2.581889E+00,5.941253E+04,2.578414E+00,0.000000E+00,0.000000E+00,2.578414E+00,0.000000E+00,3.876389E+00,5.024448E+04,9.919877E+04
00:48:00,2.583841E+00,5.945744E+04,2.578414E+00,0.000000E+00,0.000000E+00,2.578414E+00,0.000000E+00,3.882082E+00,5.023167E+04,9.925519E+04
00:51:00,2.585749E+00,5.950136E+04,2.578414E+00,0.000000E+00,0.000000E+00,2.578414E+00,0.000000E+00,3.887700E+00,5.021764E+04,9.930945E+04
00:54:00,2.587617E+00,5.954432E+04,2.578414E+00,0.000000E+00,0.000000E+00,2.578414E+00,0.000000E+00,3.893579E+00,5.020672E+04,9.937009E+04
00:57:00,2.589444E+00,5.958637E+04,2.578414E+00,0.000000E+00,0.000000E+00,2.578414E+00,0.000000E+00,3.899552E+00,5.019674E+04,9.943292E+04
01:00:00,2.592496E+00,5.965660E+04,2.578414E+00,0.000000E+00,0.000000E+00,2.578414E+00,0.000000E+00,3.907671E+00,5.021409E+04,9.955012E+04
01:03:00,2.595638E+00,5.972890E+04,2.578414E+00,0.000000E+00,0.000000E+00,2.578414E+00,0.000000E+00,3.917978E+00,5.028827E+04,9.975264E+04
01:06:00,2.598716E+00,5.979973E+04,2.578414E+00,0.000000E+00,0.000000E+00,2.578414E+00,0.000000E+00,3.928176E+00,5.036074E+04,9.995207E+04
01:09:00,2.602997E+00,5.989824E+04,2.578414E+00,0.000000E+00,0.000000E+00,2.578414E+00,0.000000E+00,3.938263E+00,5.043149E+04,1.001484E+05
01:12:00,2.607252E+00,5.999617E+04,2.578414E+00,0.000000E+00,0.000000E+00,2.578414E+00,0.000000E+00,3.950050E+00,5.052368E+04,1.003876E+05
01:15:00,2.611425E+00,6.009218E+04,2.578414E+00,0.000000E+00,0.000000E+00,2.578414E+00,0.000000E+00,3.963095E+00,5.063160E+04,1.006583E+05
01:18:00,2.615517E+00,6.018634E+04,2.578414E+00,0.000000E+00,0.000000E+00,2.578414E+00,0.000000E+00,3.976095E+00,5.073855E+04,1.009276E+05
01:21:00,2.619531E+00,6.027871E+04,2.578414E+00,0.000000E+00,0.000000E+00,2.578414E+00,0.000000E+00,3.988963E+00,5.084344E+04,1.011931E+05
01:24:00,2.623470E+00,6.036936E+04,2.578414E+00,0.000000E+00,0.000000E+00,2.578414E+00,0.000000E+00,4.001704E+00,5.094632E+04,1.014549E+05
01:27:00,2.627336E+00,6.045832E+04,2.578414E+00,0.000000E+00,0.000000E+00,2.578414E+00,0.000000E+00,4.014320E+00,5.104724E+04,1.017133E+05
01:30:00,2.631131E+00,6.054565E+04,2.578414E+00,0.000000E+00,0.000000E+00,2.578414E+00,0.000000E+00,4.026984E+00,5.114839E+04,1.019724E+05
01:33:00,2.634858E+00,6.063141E+04,2.578414E+00,0.000000E+00,0.000000E+00,2.578414E+00,0.000000E+00,4.039745E+00,5.125039E+04,1.022336E+05
01:36:00,2.638518E+00,6.071563E+04,2.578414E+00,0.000000E+00,0.000000E+00,2.578414E+00,0.000000E+00,4.052386E+00,5.135049E+04,1.024914E+05
01:39:00,2.642114E+00,6.079837E+04,2.578414E+00,0.000000E+00,0.000000E+00,2.578414E+00,0.000000E+00,4.064910E+00,5.144874E+04,1.027459E+05
01:42:00,2.645647E+00,6.087967E+04,2.578414E+00,0.000000E+00,0.000000E+00,2.578414E+00,0.000000E+00,4.077320E+00,5.154517E+04,1.029971E+05
01:45:00,2.649119E+00,6.095957E+04,2.578414E+00,0.000000E+00,0.000000E+00,2.578414E+00,0.000000E+00,4.089618E+00,5.163983E+04,1.032451E+05
01:48:00,2.652532E+00,6.103811E+04,2.578414E+00,0.000000E+00,0.000000E+00,2.578414E+00,0.000000E+00,4.101809E+00,5.173276E+04,1.034900E+05
01:51:00,2.655887E+00,6.111532E+04,2.578414E+00,0.000000E+00,0.000000E+00,2.578414E+00,0.000000E+00,4.113894E+00,5.182400E+04,1.037318E+05
01:54:00,2.659187E+00,6.119124E+04,2.578414E+00,0.000000E+00,0.000000E+00,2.578414E+00,0.000000E+00,4.125900E+00,5.191387E+04,1.039713E+05
01:57:00,2.662431E+00,6.126590E+04,2.578414E+00,0.000000E+00,0.000000E+00,2.578414E+00,0.000000E+00,4.138422E+00,5.200989E+04,1.042234E+05
02:00:00,2.665622E+00,6.133932E+04,2.578414E+00,0.000000E+00,0.000000E+00,2.578414E+00,0.000000E+00,4.150849E+00,5.210434E+04,1.044728E+05
02:03:00,2.668760E+00,6.141153E+04,2.578414E+00,0.000000E+00,0.000000E+00,2.578414E+00,0.000000E+00,4.163166E+00,5.221252E+04,1.047350E+05
02:06:00,2.671846E+00,6.148255E+04,2.578414E+00,0.000000E+00,0.000000E+00,2.578414E+00,0.000000E+00,4.175375E+00,5.231906E+04,1.049941E+05
02:09:00,2.674882E+00,6.155241E+04,2.578414E+00,0.000000E+00,0.000000E+00,2.578414E+00,0.000000E+00,4.187479E+00,5.242401E+04,1.052503E+05
02:12:00,2.677868E+00,6.162112E+04,2.578414E+00,0.000000E+00,0.000000E+00,2.578414E+00,0.000000E+00,4.199478E+00,5.252740E+04,1.055036E+05
02:15:00,2.680805E+00,6.168871E+04,2.578414E+00,0.000000E+00,0.000000E+00,2.578414E+00,0.000000E+00,4.211376E+00,5.262924E+04,1.057541E+05
02:18:00,2.683692E+00,6.175514E+04,2.578414E+00,0.000000E+00,0.000000E+00,2.578414E+00,0.000000E+00,4.223174E+00,5.272958E+04,1.060018E+05
02:21:00,2.686528E+00,6.182041E+04,2.578414E+00,0.000000E+00,0.000000E+00,2.578414E+00,0.000000E+00,4.234873E+00,5.282842E+04,1.062468E+05
02:24:00,2.689316E+00,6.188456E+04,2.578414E+00,0.000000E+00,0.000000E+00,2.578414E+00,0.000000E+00,4.246477E+00,5.292580E+04,1.064891E+05
02:27:00,2.692055E+00,6.194759E+04,2.578414E+00,0.000000E+00,0.000000E+00,2.578414E+00,0.000000E+00,4.257985E+00,5.302174E+04,1.067288E+05
02:30:00,2.694746E+00,6.200951E+04,2.578414E+00,0.000000E+00,0.000000E+00,2.578414E+00,0.000000E+00,4.269400E+00,5.311626E+04,1.069658E+05
02:33:00,2.697391E+00,6.207038E+04,2.578414E+00,0.000000E+00,0.000000E+00,2.578414E+00,0.000000E+00,4.280723E+00,5.320938E+04,1.072003E+05
02:36:00,2.699996E+00,6.213030E+04,2.578414E+00,0.000000E+00,0.000000E+00,2.578414E+00,0.000000E+00,4.291955E+00,5.330113E+04,1.074323E+05
02:39:00,2.702561E+00,6.218933E+04,2.578414E+00,0.000000E+00,0.000000E+00,2.578414E+00,0.000000E+00,4.303099E+00,5.339152E+04,1.076617E+05
02:42:00,2.705089E+00,6.224750E+04,2.578414E+00,0.000000E+00,0.000000E+00,2.578414E+00,0.000000E+00,4.314154E+00,5.348058E+04,1.078887E+05
02:45:00,2.707581E+00,6.230486E+04,2.578414E+00,0.000000E+00,0.000000E+00,2.578414E+00,0.000000E+00,4.325123E+00,5.356831E+04,1.081133E+05
02:48:00,2.710041E+00,6.236145E+04,2.578414E+00,0.000000E+00,0.000000E+00,2.578414E+00,0.000000E+00,4.336007E+00,5.365475E+04,1.083355E+05
02:51:00,2.712468E+00,6.241730E+04,2.578414E+00,0.000000E+00,0.000000E+00,2.578414E+00,0.000000E+00,4.346807E+00,5.373991E+04,1.085554E+05
02:54:00,2.714864E+00,6.247244E+04,2.578414E+00,0.000000E+00,0.000000E+00,2.578414E+00,0.000000E+00,4.357524E+00,5.382380E+04,1.087730E+05
02:57:00,2.717231E+00,6.252691E+04,2.578414E+00,0.000000E+00,0.000000E+00,2.578414E+00,0.000000E+00,4.368159E+00,5.390644E+04,1.089882E+05
03:00:00,2.719569E+00,6.258071E+04,2.578414E+00,0.000000E+00,0.000000E+00,2.578414E+00,0.000000E+00,4.378713E+00,5.398785E+04,1.092012E+05
03:03:00,2.721880E+00,6.263388E+04,2.578414E+00,0.000000E+00,0.000000E+00,2.578414E+00,0.000000E+00,4.389178E+00,5.406792E+04,1.094118E+05
03:06:00,2.724162E+00,6.268641E+04,2.578414E+00,0.000000E+00,0.000000E+00,2.578414E+00,0.000000E+00,4.399555E+00,5.414668E+04,1.096199E+05
03:09:00,2.726422E+00,6.273842E+04,2.578414E+00,0.000000E+00,0.000000E+00,2.578414E+00,0.000000E+00,4.409845E+00,5.422413E+04,1.098256E+05
03:12:00,2.728662E+00,6.278996E+04,2.578414E+00,0.000000E+00,0.000000E+00,2.578414E+00,0.000000E+00,4.420049E+00,5.430030E+04,1.100288E+05
03:15:00,2.730884E+00,6.284110E+04,2.578414E+00,0.000000E+00,0.000000E+00,2.578414E+00,0.000000E+00,4.430167E+00,5.437518E+04,1.102298E+05
03:18:00,2.733092E+00,6.289190E+04,2.578414E+00,0.000000E+00,0.000000E+00,2.578414E+00,0.000000E+00,4.440201E+00,5.444881E+04,1.104284E+05
03:21:00,2.735288E+00,6.294244E+04,2.578414E+00,0.000000E+00,0.000000E+00,2.578414E+00,0.000000E+00,4.450150E+00,5.452118E+04,1.106247E+05
03:24:00,2.737473E+00,6.299271E+04,2.578414E+00,0.000000E+00,0.000000E+00,2.578414E+00,0.000000E+00,4.460017E+00,5.459232E+04,1.108187E+05
03:27:00,2.739649E+00,6.304278E+04,2.578414E+00,0.000000E+00,0.000000E+00,2.578414E+00,0.000000E+00,4.469801E+00,5.466222E+04,1.110104E+05
03:30:00,2.741818E+00,6.309268E+04,2.578414E+00,0.000000E+00,0.000000E+00,2.578414E+00,0.000000E+00,4.479503E+00,5.473091E+04,1.111999E+05
03:33:00,2.743979E+00,6.314241E+04,2.578414E+00,0.000000E+00,0.000000E+00,2.578414E+00,0.000000E+00,4.489124E+00,5.479839E+04,1.113871E+05
03:36:00,2.746129E+00,6.319190E+04,2.578414E+00,0.000000E+00,0.000000E+00,2.578414E+00,0.000000E+00,4.498665E+00,5.486468E+04,1.115722E+05
03:39:00,2.748269E+00,6.324113E+04,2.578414E+00,0.000000E+00,0.000000E+00,2.578414E+00,0.000000E+00,4.508126E+00,5.492978E+04,1.117550E+05
03:42:00,2.750397E+00,6.329010E+04,2.578414E+00,0.000000E+00,0.000000E+00,2.578414E+00,0.000000E+00,4.517508E+00,5.499371E+04,1.119357E+05
03:45:00,2.752513E+00,6.333880E+04,2.578414E+00,0.000000E+00,0.000000E+00,2.578414E+00,0.000000E+00,4.526812E+00,5.505647E+04,1.121141E+05
03:48:00,2.754618E+00,6.338723E+04,2.578414E+00,0.000000E+00,0.000000E+00,2.578414E+00,0.000000E+00,4.536027E+00,5.511796E+04,1.122902E+05
03:51:00,2.756711E+00,6.343539E+04,2.578414E+00,0.000000E+00,0.000000E+00,2.578414E+00,0.000000E+00,4.545158E+00,5.517821E+04,1.124640E+05
03:54:00,2.758792E+00,6.348328E+04,2.578414E+00,0.000000E+00,0.000000E+00,2.578414E+00,0.000000E+00,4.554208E+00,5.523728E+04,1.126356E+05
03:57:00,2.760861E+00,6.353090E+04,2.578414E+00,0.000000E+00,0.000000E+00,2.578414E+00,0.000000E+00,4.563179E+00,5.529519E+04,1.128050E+05
04:00:00,2.762919E+00,6.357826E+04,2.578414E+00,0.000000E+00,0.000000E+00,2.578414E+00,0.000000E+00,4.572071E+00,5.535194E+04,1.129722E+05
04:03:00,2.764967E+00,6.362539E+04,2.578414E+00,0.000000E+00,0.000000E+00,2.578414E+00,0.000000E+00,4.580895E+00,5.542471E+04,1.131552E+05
04:06:00,2.767006E+00,6.367231E+04,2.578414E+00,0.000000E+00,0.000000E+00,2.578414E+00,0.000000E+00,4.589652E+00,5.549653E+04,1.133363E+05
04:09:00,2.769032E+00,6.371892E+04,2.578414E+00,0.000000E+00,0.000000E+00,2.578414E+00,0.000000E+00,4.598344E+00,5.556743E+04,1.135157E+05
04:12:00,2.771044E+00,6.376522E+04,2.578414E+00,0.000000E+00,0.000000E+00,2.578414E+00,0.000000E+00,4.606969E+00,5.563741E+04,1.136933E+05
04:15:00,2.773040E+00,6.381115E+04,2.578414E+00,0.000000E+00,0.000000E+00,2.578414E+00,0.000000E+00,4.615531E+00,5.570649E+04,1.138693E+05
04:18:00,2.775019E+00,6.385668E+04,2.578414E+00,0.000000E+00,0.000000E+00,2.578414E+00,0.000000E+00,4.624029E+00,5.577467E+04,1.140435E+05
04:21:00,2.776978E+00,6.390176E+04,2.578414E+00,0.000000E+00,0.000000E+00,2.578414E+00,0.000000E+00,4.632464E+00,5.584197E+04,1.142160E+05
04:24:00,2.778918E+00,6.394640E+04,2.578414E+00,0.000000E+00,0.000000E+00,2.578414E+00,0.000000E+00,4.640838E+00,5.590840E+04,1.143869E+05
04:27:00,2.780838E+00,6.399060E+04,2.578414E+00,0.000000E+00,0.000000E+00,2.578414E+00,0.000000E+00,4.649150E+00,5.597396E+04,1.145561E+05
04:30:00,2.782740E+00,6.403437E+04,2.578414E+00,0.000000E+00,0.000000E+00,2.578414E+00,0.000000E+00,4.657402E+00,5.603868E+04,1.147238E+05
04:33:00,2.784902E+00,6.408410E+04,2.578414E+00,0.000000E+00,0.000000E+00,2.578414E+00,0.000000E+00,4.665594E+00,5.610256E+04,1.148898E+05
04:36:00,2.787063E+00,6.413383E+04,2.578414E+00,0.000000E+00,0.000000E+00,2.578414E+00,0.000000E+00,4.673728E+00,5.616561E+04,1.150543E+05
04:39:00,2.789202E+00,6.418306E+04,2.578414E+00,0.000000E+00,0.000000E+00,2.578414E+00,0.000000E+00,4.681803E+00,5.622784E+04,1.152172E+05
04:42:00,2.791321E+00,6.423183E+04,2.578414E+00,0.000000E+00,0.000000E+00,2.578414E+00,0.000000E+00,4.689821E+00,5.628927E+04,1.153786E+05
04:45:00,2.793420E+00,6.428013E+04,2.578414E+00,0.000000E+00,0.000000E+00,2.578414E+00,0.000000E+00,4.697783E+00,5.634989E+04,1.155385E+05
04:48:00,2.795500E+00,6.432799E+04,2.578414E+00,0.000000E+00,0.000000E+00,2.578414E+00,0.000000E+00,4.706085E+00,5.641448E+04,1.157066E+05
04:51:00,2.797562E+00,6.437543E+04,2.578414E+00,0.000000E+00,0.000000E+00,2.578414E+00,0.000000E+00,4.714631E+00,5.648187E+04,1.158806E+05
04:54:00,2.799690E+00,6.442440E+04,2.578414E+00,0.000000E+00,0.000000E+00,2.578414E+00,0.000000E+00,4.723593E+00,5.655410E+04,1.160647E+05
04:57:00,2.801995E+00,6.447745E+04,2.578414E+00,0.000000E+00,0.000000E+00,2.578414E+00,0.000000E+00,4.732524E+00,5.662585E+04,1.162479E+05
05:00:00,2.804281E+00,6.453004E+04,2.578414E+00,0.000000E+00,0.000000E+00,2.578414E+00,0.000000E+00,4.741440E+00,5.669727E+04,1.164305E+05
05:03:00,2.956593E+00,6.803494E+04,2.578414E+00,0.000000E+00,0.000000E+00,2.578414E+00,0.000000E+00,5.226399E+00,6.253519E+04,1.283792E+05
05:06:00,2.994499E+00,6.890719E+04,2.578414E+00,0.000000E+00,0.000000E+00,2.578414E+00,0.000000E+00,5.054340E+00,6.051404E+04,1.241916E+05
05:09:00,3.151280E+00,7.251493E+04,2.578414E+00,0.000000E+00,0.000000E+00,2.578414E+00,0.000000E+00,5.249595E+00,6.289080E+04,1.290295E+05
05:12:00,3.218554E+00,7.406299E+04,2.578414E+00,0.000000E+00,0.000000E+00,2.578414E+00,0.000000E+00,5.526649E+00,6.625105E+04,1.358815E+05
05:15:00,3.293425E+00,7.578585E+04,2.578414E+00,0.000000E+00,0.000000E+00,2.578414E+00,0.000000E+00,5.675574E+00,6.807850E+04,1.395866E+05
05:18:00,3.367587E+00,7.749243E+04,2.578414E+00,0.000000E+00,0.000000E+00,2.578414E+00,0.000000E+00,5.848955E+00,7.020169E+04,1.438955E+05
05:21:00,3.440629E+00,7.917321E+04,2.578414E+00,0.000000E+00,0.000000E+00,2.578414E+00,0.000000E+00,6.021977E+00,7.232315E+04,1.481983E+05
05:24:00,3.512733E+00,8.083242E+04,2.578414E+00,0.000000E+00,0.000000E+00,2.578414E+00,0.000000E+00,6.194505E+00,7.444125E+04,1.524916E+05
05:27:00,3.583988E+00,8.247208E+04,2.578414E+00,0.000000E+00,0.000000E+00,2.578414E+00,0.000000E+00,6.366519E+00,7.655574E+04,1.567749E+05
05:30:00,3.654464E+00,8.409384E+04,2.578414E+00,0.000000E+00,0.000000E+00,2.578414E+00,0.000000E+00,6.538345E+00,7.867052E+04,1.610562E+05
05:33:00,3.724223E+00,8.569907E+04,2.578414E+00,0.000000E+00,0.000000E+00,2.578414E+00,0.000000E+00,6.710259E+00,8.078892E+04,1.653423E+05
05:36:00,3.793316E+00,8.728899E+04,2.578414E+00,0.000000E+00,0.000000E+00,2.578414E+00,0.000000E+00,6.882426E+00,8.291292E+04,1.696373E+05
05:39:00,3.861788E+00,8.886462E+04,2.578414E+00,0.000000E+00,0.000000E+00,2.578414E+00,0.000000E+00,7.054979E+00,8.504413E+04,1.739444E+05
05:42:00,3.929675E+00,9.042679E+04,2.578414E+00,0.000000E+00,0.000000E+00,2.578414E+00,0.000000E+00,7.227927E+00,8.718268E+04,1.782640E+05
05:45:00,3.997012E+00,9.197628E+04,2.578414E+00,0.000000E+00,0.000000E+00,2.578414E+00,0.000000E+00,7.401406E+00,8.933021E+04,1.825993E+05
05:48:00,4.063827E+00,9.351379E+04,2.578414E+00,0.000000E+00,0.000000E+00,2.578414E+00,0.000000E+00,7.575138E+00,9.148337E+04,1.869434E+05
05:51:00,4.130149E+00,9.503995E+04,2.578414E+00,0.000000E+00,0.000000E+00,2.578414E+00,0.000000E+00,7.749318E+00,9.364453E+04,1.913013E+05
05:54:00,4.196003E+00,9.655531E+04,2.578414E+00,0.000000E+00,0.000000E+00,2.578414E+00,0.000000E+00,7.923720E+00,9.581097E+04,1.956674E+05
05:57:00,4.261409E+00,9.806040E+04,2.578414E+00,0.000000E+00,0.000000E+00,2.578414E+00,0.000000E+00,8.099041E+00,9.799111E+04,2.000588E+05
06:00:00,4.326390E+00,9.955570E+04,2.578414E+00,0.000000E+00,0.000000E+00,2.578414E+00,0.000000E+00,8.276485E+00,1.001996E+05,2.045054E+05
06:03:00,4.368326E+00,1.005207E+05,2.578414E+00,0.000000E+00,0.000000E+00,2.578414E+00,0.000000E+00,8.355097E+00,1.013687E+05,2.066719E+05
06:06:00,4.490850E+00,1.033401E+05,2.578414E+00,0.000000E+00,0.000000E+00,2.578414E+00,0.000000E+00,8.617062E+00,1.047713E+05,2.133830E+05
06:09:00,4.494055E+00,1.034139E+05,2.578414E+00,0.000000E+00,0.000000E+00,2.578414E+00,0.000000E+00,8.908443E+00,1.085459E+05,2.208374E+05
06:12:00,4.563047E+00,1.050015E+05,2.578414E+00,0.000000E+00,0.000000E+00,2.578414E+00,0.000000E+00,9.022801E+00,1.101742E+05,2.239144E+05
06:15:00,4.628097E+00,1.064984E+05,2.578414E+00,0.000000E+00,0.000000E+00,2.578414E+00,0.000000E+00,9.265789E+00,1.133824E+05,2.301930E+05
06:18:00,4.691064E+00,1.079473E+05,2.578414E+00,0.000000E+00,0.000000E+00,2.578414E+00,0.000000E+00,9.483397E+00,1.162920E+05,2.358533E+05
06:21:00,4.781476E+00,1.100278E+05,2.578414E+00,0.000000E+00,0.000000E+00,2.578414E+00,0.000000E+00,9.700734E+00,1.192096E+05,2.415189E+05
06:24:00,4.870962E+00,1.120870E+05,2.578414E+00,0.000000E+00,0.000000E+00,2.578414E+00,0.000000E+00,9.918096E+00,1.221388E+05,2.471965E+05
06:27:00,4.958690E+00,1.141057E+05,2.578414E+00,0.000000E+00,0.000000E+00,2.578414E+00,0.000000E+00,1.013563E+01,1.250815E+05,2.528902E+05
06:30:00,5.044776E+00,1.160867E+05,2.578414E+00,0.000000E+00,0.000000E+00,2.578414E+00,0.000000E+00,1.035312E+01,1.280350E+05,2.585945E+05
06:33:00,5.129328E+00,1.180323E+05,2.578414E+00,0.000000E+00,0.000000E+00,2.578414E+00,0.000000E+00,1.057037E+01,1.309967E+05,2.643042E+05
06:36:00,5.212439E+00,1.199448E+05,2.578414E+00,0.000000E+00,0.000000E+00,2.578414E+00,0.000000E+00,1.078728E+01,1.339656E+05,2.700173E+05
06:39:00,5.294196E+00,1.218261E+05,2.578414E+00,0.000000E+00,0.000000E+00,2.578414E+00,0.000000E+00,1.100377E+01,1.369405E+05,2.757313E+05
06:42:00,5.374675E+00,1.236781E+05,2.578414E+00,0.000000E+00,0.000000E+00,2.578414E+00,0.000000E+00,1.121986E+01,1.399218E+05,2.814470E+05
06:45:00,5.453946E+00,1.255022E+05,2.578414E+00,0.000000E+00,0.000000E+00,2.578414E+00,0.000000E+00,1.143548E+01,1.429083E+05,2.871625E+05
06:48:00,5.532071E+00,1.272999E+05,2.578414E+00,0.000000E+00,0.000000E+00,2.578414E+00,0.000000E+00,1.165049E+01,1.458985E+05,2.928743E+05
06:51:00,5.609107E+00,1.290726E+05,2.578414E+00,0.000000E+00,0.000000E+00,2.578414E+00,0.000000E+00,1.186484E+01,1.488916E+05,2.985810E+05
06:54:00,5.685104E+00,1.308214E+05,2.578414E+00,0.000000E+00,0.000000E+00,2.578414E+00,0.000000E+00,1.207857E+01,1.518881E+05,3.042835E+05
06:57:00,5.760110E+00,1.325474E+05,2.578414E+00,0.000000E+00,0.000000E+00,2.578414E+00,0.000000E+00,1.229157E+01,1.548864E+05,3.099790E+05
07:00:00,5.834168E+00,1.342516E+05,2.578414E+00,0.000000E+00,0.000000E+00,2.578414E+00,0.000000E+00,1.250252E+01,1.578700E+05,3.156344E+05
07:03:00,5.815063E+00,1.338119E+05,2.578414E+00,0.000000E+00,0.000000E+00,2.578414E+00,0.000000E+00,1.288552E+01,1.635206E+05,3.261427E+05
07:06:00,5.878662E+00,1.352754E+05,2.578414E+00,0.000000E+00,0.000000E+00,2.578414E+00,0.000000E+00,1.301551E+01,1.659928E+05,3.302806E+05
07:09:00,6.003474E+00,1.381475E+05,2.578414E+00,0.000000E+00,0.000000E+00,2.578414E+00,0.000000E+00,1.333639E+01,1.709281E+05,3.392919E+05
07:12:00,6.083129E+00,1.399805E+05,2.578414E+00,0.000000E+00,0.000000E+00,2.578414E+00,0.000000E+00,1.361152E+01,1.753147E+05,3.471785E+05
07:15:00,6.170311E+00,1.419866E+05,2.578414E+00,0.000000E+00,0.000000E+00,2.578414E+00,0.000000E+00,1.388197E+01,1.796754E+05,3.549807E+05
07:18:00,6.253743E+00,1.439065E+05,2.578414E+00,0.000000E+00,0.000000E+00,2.578414E+00,0.000000E+00,1.414904E+01,1.840265E+05,3.627319E+05
07:21:00,6.336669E+00,1.458148E+05,2.578414E+00,0.000000E+00,0.000000E+00,2.578414E+00,0.000000E+00,1.441312E+01,1.883722E+05,3.704406E+05
07:24:00,6.419128E+00,1.477122E+05,2.578414E+00,0.000000E+00,0.000000E+00,2.578414E+00,0.000000E+00,1.467443E+01,1.927149E+05,3.781127E+05
07:27:00,6.517461E+00,1.499750E+05,2.578414E+00,0.000000E+00,0.000000E+00,2.578414E+00,0.000000E+00,1.493319E+01,1.970569E+05,3.857528E+05
07:30:00,6.619319E+00,1.523189E+05,2.578414E+00,0.000000E+00,0.000000E+00,2.578414E+00,0.000000E+00,1.518956E+01,2.014001E+05,3.933649E+05
07:33:00,6.720562E+00,1.546486E+05,2.578414E+00,0.000000E+00,0.000000E+00,2.578414E+00,0.000000E+00,1.544372E+01,2.057461E+05,4.009528E+05
07:36:00,6.821201E+00,1.569644E+05,2.578414E+00,0.000000E+00,0.000000E+00,2.578414E+00,0.000000E+00,1.569581E+01,2.100966E+05,4.085201E+05
07:39:00,6.921244E+00,1.592666E+05,2.578414E+00,0.000000E+00,0.000000E+00,2.578414E+00,0.000000E+00,1.594598E+01,2.144531E+05,4.160699E+05
07:42:00,7.038669E+00,1.619687E+05,2.578414E+00,0.000000E+00,0.000000E+00,2.578414E+00,0.000000E+00,1.619543E+01,2.188315E+05,4.236338E+05
07:45:00,7.155831E+00,1.646647E+05,2.578414E+00,0.000000E+00,0.000000E+00,2.578414E+00,0.000000E+00,1.644348E+01,2.232225E+05,4.311935E+05
07:48:00,7.272282E+00,1.673444E+05,2.578414E+00,0.000000E+00,0.000000E+00,2.578414E+00,0.000000E+00,1.669020E+01,2.276267E+05,4.387502E+05
07:51:00,7.388032E+00,1.700079E+05,2.578414E+00,0.000000E+00,0.000000E+00,2.578414E+00,0.000000E+00,1.693569E+01,2.320452E+05,4.463068E+05
07:54:00,7.503096E+00,1.726557E+05,2.578414E+00,0.000000E+00,0.000000E+00,2.578414E+00,0.000000E+00,1.718006E+01,2.364793E+05,4.538661E+05
07:57:00,7.617484E+00,1.752879E+05,2.578414E+00,0.000000E+00,0.000000E+00,2.578414E+00,0.000000E+00,1.742340E+01,2.409300E+05,4.614294E+05
08:00:00,7.731207E+00,1.779048E+05,2.578414E+00,0.000000E+00,0.000000E+00,2.578414E+00,0.000000E+00,1.766578E+01,2.453982E+05,4.689992E+05
08:03:00,7.330068E+00,1.686741E+05,2.578414E+00,0.000000E+00,0.000000E+00,2.578414E+00,0.000000E+00,1.734522E+01,2.421706E+05,4.617515E+05
08:06:00,7.318665E+00,1.684117E+05,2.578414E+00,0.000000E+00,0.000000E+00,2.578414E+00,0.000000E+00,1.776386E+01,2.492705E+05,4.741897E+05
08:09:00,7.086160E+00,1.630615E+05,2.578414E+00,0.000000E+00,0.000000E+00,2.578414E+00,0.000000E+00,1.759432E+01,2.481343E+05,4.709451E+05
08:12:00,7.045275E+00,1.621207E+05,2.578414E+00,0.000000E+00,0.000000E+00,2.578414E+00,0.000000E+00,1.756525E+01,2.489652E+05,4.714458E+05
08:15:00,6.997745E+00,1.610270E+05,2.578414E+00,0.000000E+00,0.000000E+00,2.578414E+00,0.000000E+00,1.753995E+01,2.498457E+05,4.720438E+05
08:18:00,6.953011E+00,1.599975E+05,2.578414E+00,0.000000E+00,0.000000E+00,2.578414E+00,0.000000E+00,1.751858E+01,2.507788E+05,4.727440E+05
08:21:00,6.910782E+00,1.590258E+05,2.578414E+00,0.000000E+00,0.000000E+00,2.578414E+00,0.000000E+00,1.750054E+01,2.517567E+05,4.735311E+05
08:24:00,6.870754E+00,1.581047E+05,2.578414E+00,0.000000E+00,0.000000E+00,2.578414E+00,0.000000E+00,1.748547E+01,2.527751E+05,4.743964E+05
08:27:00,6.832685E+00,1.572287E+05,2.578414E+00,0.000000E+00,0.000000E+00,2.578414E+00,0.000000E+00,1.747309E+01,2.538305E+05,4.753328E+05
08:30:00,6.796378E+00,1.563932E+05,2.578414E+00,0.000000E+00,0.000000E+00,2.578414E+00,0.000000E+00,1.746316E+01,2.549199E+05,4.763341E+05
08:33:00,6.761670E+00,1.555945E+05,2.578414E+00,0.000000E+00,0.000000E+00,2.578414E+00,0.000000E+00,1.745548E+01,2.560408E+05,4.773954E+05
08:36:00,6.728418E+00,1.548294E+05,2.578414E+00,0.000000E+00,0.000000E+00,2.578414E+00,0.000000E+00,1.744986E+01,2.571911E+05,4.785122E+05
08:39:00,6.696502E+00,1.540950E+05,2.578414E+00,0.000000E+00,0.000000E+00,2.578414E+00,0.000000E+00,1.744616E+01,2.583689E+05,4.796807E+05
08:42:00,6.665822E+00,1.533890E+05,2.578414E+00,0.000000E+00,0.000000E+00,2.578414E+00,0.000000E+00,1.744314E+01,2.595565E+05,4.808677E+05
08:45:00,6.636282E+00,1.527092E+05,2.578414E+00,0.000000E+00,0.000000E+00,2.578414E+00,0.000000E+00,1.744147E+01,2.607637E+05,4.820916E+05
08:48:00,6.607797E+00,1.520537E+05,2.578414E+00,0.000000E+00,0.000000E+00,2.578414E+00,0.000000E+00,1.744108E+01,2.619899E+05,4.833507E+05
08:51:00,6.580290E+00,1.514208E+05,2.578414E+00,0.000000E+00,0.000000E+00,2.578414E+00,0.000000E+00,1.744185E+01,2.632336E+05,4.846417E+05
08:54:00,6.553695E+00,1.508088E+05,2.578414E+00,0.000000E+00,0.000000E+00,2.578414E+00,0.000000E+00,1.744367E+01,2.644933E+05,4.859623E+05
08:57:00,6.527949E+00,1.502163E+05,2.578414E+00,0.000000E+00,0.000000E+00,2.578414E+00,0.000000E+00,1.744645E+01,2.657680E+05,4.873101E+05
09:00:00,6.502997E+00,1.496422E+05,2.578414E+00,0.000000E+00,0.000000E+00,2.578414E+00,0.000000E+00,1.745011E+01,2.670564E+05,4.886830E+05
09:03:00,6.478787E+00,1.490851E+05,2.578414E+00,0.000000E+00,0.000000E+00,2.578414E+00,0.000000E+00,1.745452E+01,2.682271E+05,4.899433E+05
09:06:00,6.455274E+00,1.485440E+05,2.578414E+00,0.000000E+00,0.000000E+00,2.578414E+00,0.000000E+00,1.745959E+01,2.694086E+05,4.912230E+05
09:09:00,6.432414E+00,1.480180E+05,2.578414E+00,0.000000E+00,0.000000E+00,2.578414E+00,0.000000E+00,1.746526E+01,2.705999E+05,4.925201E+05
09:12:00,6.410169E+00,1.475061E+05,2.578414E+00,0.000000E+00,0.000000E+00,2.578414E+00,0.000000E+00,1.747145E+01,2.718001E+05,4.938327E+05
09:15:00,6.388502E+00,1.470075E+05,2.578414E+00,0.000000E+00,0.000000E+00,2.578414E+00,0.000000E+00,1.747809E+01,2.730082E+05,4.951593E+05
09:18:00,6.367378E+00,1.465214E+05,2.578414E+00,0.000000E+00,0.000000E+00,2.578414E+00,0.000000E+00,1.748513E+01,2.742232E+05,4.964976E+05
09:21:00,6.346768E+00,1.460471E+05,2.578414E+00,0.000000E+00,0.000000E+00,2.578414E+00,0.000000E+00,1.749250E+01,2.754445E+05,4.978464E+05
09:24:00,6.326642E+00,1.455840E+05,2.578414E+00,0.000000E+00,0.000000E+00,2.578414E+00,0.000000E+00,1.750013E+01,2.766708E+05,4.992036E+05
09:27:00,6.306975E+00,1.451315E+05,2.578414E+00,0.000000E+00,0.000000E+00,2.578414E+00,0.000000E+00,1.750798E+01,2.779015E+05,5.005682E+05
09:30:00,6.287743E+00,1.446889E+05,2.578414E+00,0.000000E+00,0.000000E+00,2.578414E+00,0.000000E+00,1.751600E+01,2.791359E+05,5.019385E+05
09:33:00,6.268924E+00,1.442559E+05,2.578414E+00,0.000000E+00,0.000000E+00,2.578414E+00,0.000000E+00,1.752414E+01,2.803732E+05,5.033133E+05
09:36:00,6.250497E+00,1.438318E+05,2.578414E+00,0.000000E+00,0.000000E+00,2.578414E+00,0.000000E+00,1.753235E+01,2.816128E+05,5.046912E+05
09:39:00,6.232443E+00,1.434164E+05,2.578414E+00,0.000000E+00,0.000000E+00,2.578414E+00,0.000000E+00,1.754059E+01,2.828538E+05,5.060710E+05
09:42:00,6.214738E+00,1.430090E+05,2.578414E+00,0.000000E+00,0.000000E+00,2.578414E+00,0.000000E+00,1.754881E+01,2.840956E+05,5.074516E+05
09:45:00,6.197366E+00,1.426092E+05,2.578414E+00,0.000000E+00,0.000000E+00,2.578414E+00,0.000000E+00,1.755698E+01,2.853374E+05,5.088314E+05
09:48:00,6.180314E+00,1.422168E+05,2.578414E+00,0.000000E+00,0.000000E+00,2.578414E+00,0.000000E+00,1.756505E+01,2.865788E+05,5.102095E+05
09:51:00,6.163568E+00,1.418315E+05,2.578414E+00,0.000000E+00,0.000000E+00,2.578414E+00,0.000000E+00,1.757299E+01,2.878190E+05,5.115848E+05
09:54:00,6.147114E+00,1.414528E+05,2.578414E+00,0.000000E+00,0.000000E+00,2.578414E+00,0.000000E+00,1.758076E+01,2.890575E+05,5.129561E+05
09:57:00,6.130940E+00,1.410807E+05,2.578414E+00,0.000000E+00,0.000000E+00,2.578414E+00,0.000000E+00,1.758832E+01,2.902935E+05,5.143228E+05
10:00:00,6.116336E+00,1.407446E+05,2.578414E+00,0.000000E+00,0.000000E+00,2.578414E+00,0.000000E+00,1.759564E+01,2.915265E+05,5.156831E+05
10:03:00,6.102271E+00,1.404210E+05,2.578414E+00,0.000000E+00,0.000000E+00,2.578414E+00,0.000000E+00,1.760269E+01,2.926250E+05,5.169015E+05
10:06:00,6.088431E+00,1.401025E+05,2.578414E+00,0.000000E+00,0.000000E+00,2.578414E+00,0.000000E+00,1.760944E+01,2.937193E+05,5.181118E+05
10:09:00,6.074809E+00,1.397890E+05,2.578414E+00,0.000000E+00,0.000000E+00,2.578414E+00,0.000000E+00,1.761586E+01,2.948088E+05,5.193135E+05
10:12:00,6.061395E+00,1.394803E+05,2.578414E+00,0.000000E+00,0.000000E+00,2.578414E+00,0.000000E+00,1.762192E+01,2.958929E+05,5.205047E+05
10:15:00,6.048182E+00,1.391763E+05,2.578414E+00,0.000000E+00,0.000000E+00,2.578414E+00,0.000000E+00,1.762758E+01,2.969711E+05,5.216853E+05
10:18:00,6.035163E+00,1.388767E+05,2.578414E+00,0.000000E+00,0.000000E+00,2.578414E+00,0.000000E+00,1.763283E+01,2.980429E+05,5.228541E+05
10:21:00,6.022332E+00,1.385815E+05,2.578414E+00,0.000000E+00,0.000000E+00,2.578414E+00,0.000000E+00,1.763764E+01,2.991079E+05,5.240107E+05
10:24:00,6.009682E+00,1.382904E+05,2.578414E+00,0.000000E+00,0.000000E+00,2.578414E+00,0.000000E+00,1.764200E+01,3.001657E+05,5.251542E+05
10:27:00,5.997207E+00,1.380033E+05,2.578414E+00,0.000000E+00,0.000000E+00,2.578414E+00,0.000000E+00,1.764588E+01,3.012158E+05,5.262839E+05
10:30:00,5.984902E+00,1.377202E+05,2.578414E+00,0.000000E+00,0.000000E+00,2.578414E+00,0.000000E+00,1.764925E+01,3.022577E+05,5.273990E+05
10:33:00,5.972761E+00,1.374408E+05,2.578414E+00,0.000000E+00,0.000000E+00,2.578414E+00,0.000000E+00,1.765210E+01,3.032909E+05,5.284990E+05
10:36:00,5.960780E+00,1.371651E+05,2.578414E+00,0.000000E+00,0.000000E+00,2.578414E+00,0.000000E+00,1.765441E+01,3.043151E+05,5.295828E+05
10:39:00,5.948953E+00,1.368929E+05,2.578414E+00,0.000000E+00,0.000000E+00,2.578414E+00,0.000000E+00,1.765616E+01,3.053299E+05,5.306499E+05
10:42:00,5.937277E+00,1.366242E+05,2.578414E+00,0.000000E+00,0.000000E+00,2.578414E+00,0.000000E+00,1.765733E+01,3.063349E+05,5.317000E+05
10:45:00,5.925746E+00,1.363589E+05,2.578414E+00,0.000000E+00,0.000000E+00,2.578414E+00,0.000000E+00,1.765791E+01,3.073299E+05,5.327328E+05
10:48:00,5.914358E+00,1.360968E+05,2.578414E+00,0.000000E+00,0.000000E+00,2.578414E+00,0.000000E+00,1.765790E+01,3.083144E+05,5.337475E+05
10:51:00,5.903108E+00,1.358380E+05,2.578414E+00,0.000000E+00,0.000000E+00,2.578414E+00,0.000000E+00,1.765729E+01,3.092885E+05,5.347437E+05
10:54:00,5.891992E+00,1.355822E+05,2.578414E+00,0.000000E+00,0.000000E+00,2.578414E+00,0.000000E+00,1.765606E+01,3.102517E+05,5.357215E+05
10:57:00,5.881008E+00,1.353294E+05,2.578414E+00,0.000000E+00,0.000000E+00,2.578414E+00,0.000000E+00,1.765422E+01,3.112039E+05,5.366807E+05
11:00:00,5.870151E+00,1.350796E+05,2.578414E+00,0.000000E+00,0.000000E+00,2.578414E+00,0.000000E+00,1.765177E+01,3.121451E+05,5.376207E+05
11:03:00,5.859420E+00,1.348326E+05,2.578414E+00,0.000000E+00,0.000000E+00,2.578414E+00,0.000000E+00,1.764867E+01,3.127465E+05,5.382026E+05
11:06:00,5.848810E+00,1.345885E+05,2.578414E+00,0.000000E+00,0.000000E+00,2.578414E+00,0.000000E+00,1.764493E+01,3.133362E+05,5.387644E+05
11:09:00,5.838319E+00,1.343471E+05,2.578414E+00,0.000000E+00,0.000000E+00,2.578414E+00,0.000000E+00,1.764055E+01,3.139143E+05,5.393068E+05
11:12:00,5.827945E+00,1.341084E+05,2.578414E+00,0.000000E+00,0.000000E+00,2.578414E+00,0.000000E+00,1.763555E+01,3.144810E+05,5.398297E+05
11:15:00,5.817685E+00,1.338723E+05,2.578414E+00,0.000000E+00,0.000000E+00,2.578414E+00,0.000000E+00,1.762993E+01,3.150363E+05,5.403334E+05
11:18:00,5.807536E+00,1.336387E+05,2.578414E+00,0.000000E+00,0.000000E+00,2.578414E+00,0.000000E+00,1.762372E+01,3.155805E+05,5.408184E+05
11:21:00,5.797497E+00,1.334077E+05,2.578414E+00,0.000000E+00,0.000000E+00,2.578414E+00,0.000000E+00,1.761692E+01,3.161139E+05,5.412850E+05
11:24:00,5.787564E+00,1.331791E+05,2.578414E+00,0.000000E+00,0.000000E+00,2.578414E+00,0.000000E+00,1.760957E+01,3.166367E+05,5.417338E+05
11:27:00,5.777736E+00,1.329530E+05,2.578414E+00,0.000000E+00,0.000000E+00,2.578414E+00,0.000000E+00,1.760169E+01,3.171494E+05,5.421658E+05
11:30:00,5.768011E+00,1.327292E+05,2.578414E+00,0.000000E+00,0.000000E+00,2.578414E+00,0.000000E+00,1.759331E+01,3.176524E+05,5.425818E+05
11:33:00,5.758386E+00,1.325077E+05,2.578414E+00,0.000000E+00,0.000000E+00,2.578414E+00,0.000000E+00,1.758445E+01,3.181463E+05,5.429825E+05
11:36:00,5.748861E+00,1.322885E+05,2.578414E+00,0.000000E+00,0.000000E+00,2.578414E+00,0.000000E+00,1.757516E+01,3.186317E+05,5.433693E+05
11:39:00,5.739432E+00,1.320716E+05,2.578414E+00,0.000000E+00,0.000000E+00,2.578414E+00,0.000000E+00,1.756548E+01,3.191092E+05,5.437430E+05
11:42:00,5.730099E+00,1.318568E+05,2.578414E+00,0.000000E+00,0.000000E+00,2.578414E+00,0.000000E+00,1.755544E+01,3.195796E+05,5.441048E+05
11:45:00,5.720860E+00,1.316442E+05,2.578414E+00,0.000000E+00,0.000000E+00,2.578414E+00,0.000000E+00,1.754510E+01,3.200437E+05,5.444568E+05
11:48:00,5.711712E+00,1.314337E+05,2.578414E+00,0.000000E+00,0.000000E+00,2.578414E+00,0.000000E+00,1.753452E+01,3.205027E+05,5.448005E+05
11:51:00,5.702655E+00,1.312253E+05,2.578414E+00,0.000000E+00,0.000000E+00,2.578414E+00,0.000000E+00,1.752376E+01,3.209575E+05,5.451377E+05
11:54:00,5.693687E+00,1.310189E+05,2.578414E+00,0.000000E+00,0.000000E+00,2.578414E+00,0.000000E+00,1.751288E+01,3.214094E+05,5.454705E+05
11:57:00,5.684807E+00,1.308146E+05,2.578414E+00,0.000000E+00,0.000000E+00,2.578414E+00,0.000000E+00,1.750196E+01,3.218595E+05,5.458008E+05
12:00:00,5.676012E+00,1.306122E+05,2.578414E+00,0.000000E+00,0.000000E+00,2.578414E+00,0.000000E+00,1.749105E+01,3.223092E+05,5.461307E+05
12:03:00,5.667303E+00,1.304118E+05,2.578414E+00,0.000000E+00,0.000000E+00,2.578414E+00,0.000000E+00,1.748031E+01,3.226314E+05,5.463315E+05
12:06:00,5.658677E+00,1.302133E+05,2.578414E+00,0.000000E+00,0.000000E+00,2.578414E+00,0.000000E+00,1.746998E+01,3.229602E+05,5.465439E+05
12:09:00,5.650133E+00,1.300167E+05,2.578414E+00,0.000000E+00,0.000000E+00,2.578414E+00,0.000000E+00,1.746014E+01,3.232976E+05,5.467715E+05
12:12:00,5.641670E+00,1.298219E+05,2.578414E+00,0.000000E+00,0.000000E+00,2.578414E+00,0.000000E+00,1.745088E+01,3.236453E+05,5.470166E+05
12:15:00,5.633286E+00,1.296290E+05,2.578414E+00,0.000000E+00,0.000000E+00,2.578414E+00,0.000000E+00,1.744228E+01,3.240046E+05,5.472819E+05
12:18:00,5.624982E+00,1.294379E+05,2.578414E+00,0.000000E+00,0.000000E+00,2.578414E+00,0.000000E+00,1.743441E+01,3.243770E+05,5.475694E+05
12:21:00,5.616754E+00,1.292486E+05,2.578414E+00,0.000000E+00,0.000000E+00,2.578414E+00,0.000000E+00,1.742733E+01,3.247636E+05,5.478814E+05
12:24:00,5.608603E+00,1.290610E+05,2.578414E+00,0.000000E+00,0.000000E+00,2.578414E+00,0.000000E+00,1.742109E+01,3.251655E+05,5.482191E+05
12:27:00,5.600528E+00,1.288752E+05,2.578414E+00,0.000000E+00,0.000000E+00,2.578414E+00,0.000000E+00,1.741575E+01,3.255838E+05,5.485848E+05
12:30:00,5.592527E+00,1.286911E+05,2.578414E+00,0.000000E+00,0.000000E+00,2.578414E+00,0.000000E+00,1.741133E+01,3.260191E+05,5.489796E+05
12:33:00,5.584599E+00,1.285087E+05,2.578414E+00,0.000000E+00,0.000000E+00,2.578414E+00,0.000000E+00,1.740789E+01,3.264725E+05,5.494048E+05
12:36:00,5.576743E+00,1.283279E+05,2.578414E+00,0.000000E+00,0.000000E+00,2.578414E+00,0.000000E+00,1.740544E+01,3.269442E+05,5.498610E+05
12:39:00,5.568958E+00,1.281488E+05,2.578414E+00,0.000000E+00,0.000000E+00,2.578414E+00,0.000000E+00,1.740399E+01,3.274347E+05,5.503489E+05
12:42:00,5.561244E+00,1.279712E+05,2.578414E+00,0.000000E+00,0.000000E+00,2.578414E+00,0.000000E+00,1.740357E+01,3.279443E+05,5.508690E+05
12:45:00,5.553600E+00,1.277953E+05,2.578414E+00,0.000000E+00,0.000000E+00,2.578414E+00,0.000000E+00,1.740416E+01,3.284731E+05,5.514210E+05
12:48:00,5.546024E+00,1.276210E+05,2.578414E+00,0.000000E+00,0.000000E+00,2.578414E+00,0.000000E+00,1.740575E+01,3.290209E+05,5.520053E+05
12:51:00,5.538515E+00,1.274482E+05,2.578414E+00,0.000000E+00,0.000000E+00,2.578414E+00,0.000000E+00,1.740834E+01,3.295876E+05,5.526209E+05
12:54:00,5.531074E+00,1.272770E+05,2.578414E+00,0.000000E+00,0.000000E+00,2.578414E+00,0.000000E+00,1.741188E+01,3.301726E+05,5.532673E+05
12:57:00,5.523698E+00,1.271073E+05,2.578414E+00,0.000000E+00,0.000000E+00,2.578414E+00,0.000000E+00,1.741636E+01,3.307756E+05,5.539436E+05
13:00:00,5.516388E+00,1.269391E+05,2.578414E+00,0.000000E+00,0.000000E+00,2.578414E+00,0.000000E+00,1.742174E+01,3.313958E+05,5.546487E+05
13:03:00,5.509142E+00,1.267723E+05,2.578414E+00,0.000000E+00,0.000000E+00,2.578414E+00,0.000000E+00,1.742788E+01,3.318367E+05,5.551781E+05
13:06:00,5.501960E+00,1.266070E+05,2.578414E+00,0.000000E+00,0.000000E+00,2.578414E+00,0.000000E+00,1.743462E+01,3.322891E+05,5.557270E+05
13:09:00,5.494841E+00,1.264432E+05,2.578414E+00,0.000000E+00,0.000000E+00,2.578414E+00,0.000000E+00,1.744187E+01,3.327515E+05,5.562921E+05
13:12:00,5.487784E+00,1.262808E+05,2.578414E+00,0.000000E+00,0.000000E+00,2.578414E+00,0.000000E+00,1.744956E+01,3.332227E+05,5.568718E+05
13:15:00,5.480788E+00,1.261198E+05,2.578414E+00,0.000000E+00,0.000000E+00,2.578414E+00,0.000000E+00,1.745764E+01,3.337015E+05,5.574643E+05
13:18:00,5.473853E+00,1.259603E+05,2.578414E+00,0.000000E+00,0.000000E+00,2.578414E+00,0.000000E+00,1.746605E+01,3.341869E+05,5.580672E+05
13:21:00,5.466978E+00,1.258021E+05,2.578414E+00,0.000000E+00,0.000000E+00,2.578414E+00,0.000000E+00,1.747473E+01,3.346778E+05,5.586795E+05
13:24:00,5.460162E+00,1.256452E+05,2.578414E+00,0.000000E+00,0.000000E+00,2.578414E+00,0.000000E+00,1.748362E+01,3.351732E+05,5.592988E+05
13:27:00,5.453405E+00,1.254897E+05,2.578414E+00,0.000000E+00,0.000000E+00,2.578414E+00,0.000000E+00,1.749269E+01,3.356722E+05,5.599242E+05
13:30:00,5.446705E+00,1.253356E+05,2.578414E+00,0.000000E+00,0.000000E+00,2.578414E+00,0.000000E+00,1.750188E+01,3.361738E+05,5.605535E+05
13:33:00,5.440063E+00,1.251827E+05,2.578414E+00,0.000000E+00,0.000000E+00,2.578414E+00,0.000000E+00,1.751114E+01,3.366772E+05,5.611855E+05
13:36:00,5.433478E+00,1.250312E+05,2.578414E+00,0.000000E+00,0.000000E+00,2.578414E+00,0.000000E+00,1.752044E+01,3.371817E+05,5.618193E+05
13:39:00,5.426949E+00,1.248809E+05,2.578414E+00,0.000000E+00,0.000000E+00,2.578414E+00,0.000000E+00,1.752974E+01,3.376865E+05,5.624533E+05
13:42:00,5.420475E+00,1.247320E+05,2.578414E+00,0.000000E+00,0.000000E+00,2.578414E+00,0.000000E+00,1.753900E+01,3.381911E+05,5.630868E+05
13:45:00,5.414056E+00,1.245842E+05,2.578414E+00,0.000000E+00,0.000000E+00,2.578414E+00,0.000000E+00,1.754820E+01,3.386946E+05,5.637179E+05
13:48:00,5.407691E+00,1.244378E+05,2.578414E+00,0.000000E+00,0.000000E+00,2.578414E+00,0.000000E+00,1.755730E+01,3.391966E+05,5.643465E+05
13:51:00,5.401379E+00,1.242926E+05,2.578414E+00,0.000000E+00,0.000000E+00,2.578414E+00,0.000000E+00,1.756626E+01,3.396964E+05,5.649717E+05
13:54:00,5.395121E+00,1.241485E+05,2.578414E+00,0.000000E+00,0.000000E+00,2.578414E+00,0.000000E+00,1.757507E+01,3.401935E+05,5.655918E+05
13:57:00,5.388915E+00,1.240057E+05,2.578414E+00,0.000000E+00,0.000000E+00,2.578414E+00,0.000000E+00,1.758370E+01,3.406874E+05,5.662061E+05
14:00:00,5.382761E+00,1.238641E+05,2.578414E+00,0.000000E+00,0.000000E+00,2.578414E+00,0.000000E+00,1.759212E+01,3.411775E+05,5.668142E+05
14:03:00,5.376658E+00,1.237237E+05,2.578414E+00,0.000000E+00,0.000000E+00,2.578414E+00,0.000000E+00,1.760030E+01,3.413362E+05,5.670778E+05
14:06:00,5.370606E+00,1.235844E+05,2.578414E+00,0.000000E+00,0.000000E+00,2.578414E+00,0.000000E+00,1.760820E+01,3.414895E+05,5.673324E+05
14:09:00,5.364604E+00,1.234463E+05,2.578414E+00,0.000000E+00,0.000000E+00,2.578414E+00,0.000000E+00,1.761581E+01,3.416370E+05,5.675775E+05
14:12:00,5.358652E+00,1.233094E+05,2.578414E+00,0.000000E+00,0.000000E+00,2.578414E+00,0.000000E+00,1.762310E+01,3.417784E+05,5.678124E+05
14:15:00,5.352750E+00,1.231735E+05,2.578414E+00,0.000000E+00,0.000000E+00,2.578414E+00,0.000000E+00,1.763005E+01,3.419132E+05,5.680364E+05
14:18:00,5.346896E+00,1.230388E+05,2.578414E+00,0.000000E+00,0.000000E+00,2.578414E+00,0.000000E+00,1.763665E+01,3.420411E+05,5.682489E+05
14:21:00,5.341090E+00,1.229052E+05,2.578414E+00,0.000000E+00,0.000000E+00,2.578414E+00,0.000000E+00,1.764287E+01,3.421619E+05,5.684495E+05
14:24:00,5.335332E+00,1.227727E+05,2.578414E+00,0.000000E+00,0.000000E+00,2.578414E+00,0.000000E+00,1.764871E+01,3.422750E+05,5.686375E+05
14:27:00,5.329621E+00,1.226413E+05,2.578414E+00,0.000000E+00,0.000000E+00,2.578414E+00,0.000000E+00,1.765414E+01,3.423804E+05,5.688125E+05
14:30:00,5.323956E+00,1.225109E+05,2.578414E+00,0.000000E+00,0.000000E+00,2.578414E+00,0.000000E+00,1.765915E+01,3.424775E+05,5.689739E+05
14:33:00,5.318338E+00,1.223817E+05,2.578414E+00,0.000000E+00,0.000000E+00,2.578414E+00,0.000000E+00,1.766373E+01,3.425662E+05,5.691213E+05
14:36:00,5.312766E+00,1.222534E+05,2.578414E+00,0.000000E+00,0.000000E+00,2.578414E+00,0.000000E+00,1.766785E+01,3.426462E+05,5.692542E+05
14:39:00,5.307239E+00,1.221263E+05,2.578414E+00,0.000000E+00,0.000000E+00,2.578414E+00,0.000000E+00,1.767151E+01,3.427172E+05,5.693722E+05
14:42:00,5.301757E+00,1.220001E+05,2.578414E+00,0.000000E+00,0.000000E+00,2.578414E+00,0.000000E+00,1.767470E+01,3.427790E+05,5.694748E+05
14:45:00,5.296319E+00,1.218750E+05,2.578414E+00,0.000000E+00,0.000000E+00,2.578414E+00,0.000000E+00,1.767739E+01,3.428313E+05,5.695616E+05
14:48:00,5.290925E+00,1.217509E+05,2.578414E+00,0.000000E+00,0.000000E+00,2.578414E+00,0.000000E+00,1.767959E+01,3.428738E+05,5.696323E+05
14:51:00,5.285575E+00,1.216277E+05,2.578414E+00,0.000000E+00,0.000000E+00,2.578414E+00,0.000000E+00,1.768127E+01,3.429064E+05,5.696864E+05
14:54:00,5.280268E+00,1.215056E+05,2.578414E+00,0.000000E+00,0.000000E+00,2.578414E+00,0.000000E+00,1.768242E+01,3.429288E+05,5.697237E+05
14:57:00,5.275003E+00,1.213845E+05,2.578414E+00,0.000000E+00,0.000000E+00,2.578414E+00,0.000000E+00,1.768304E+01,3.429408E+05,5.697436E+05
15:00:00,5.269781E+00,1.212643E+05,2.578414E+00,0.000000E+00,0.000000E+00,2.578414E+00,0.000000E+00,1.768311E+01,3.429423E+05,5.697460E+05
15:03:00,5.264600E+00,1.211451E+05,2.578414E+00,0.000000E+00,0.000000E+00,2.578414E+00,0.000000E+00,1.768261E+01,3.425381E+05,5.693236E+05
15:06:00,5.259461E+00,1.210268E+05,2.578414E+00,0.000000E+00,0.000000E+00,2.578414E+00,0.000000E+00,1.768154E+01,3.421228E+05,5.688821E+05
15:09:00,5.254363E+00,1.209095E+05,2.578414E+00,0.000000E+00,0.000000E+00,2.578414E+00,0.000000E+00,1.767988E+01,3.416963E+05,5.684224E+05
15:12:00,5.249306E+00,1.207932E+05,2.578414E+00,0.000000E+00,0.000000E+00,2.578414E+00,0.000000E+00,1.767762E+01,3.412583E+05,5.679436E+05
15:15:00,5.244289E+00,1.206777E+05,2.578414E+00,0.000000E+00,0.000000E+00,2.578414E+00,0.000000E+00,1.767476E+01,3.408087E+05,5.674452E+05
15:18:00,5.239311E+00,1.205632E+05,2.578414E+00,0.000000E+00,0.000000E+00,2.578414E+00,0.000000E+00,1.767128E+01,3.403474E+05,5.669271E+05
15:21:00,5.234373E+00,1.204495E+05,2.578414E+00,0.000000E+00,0.000000E+00,2.578414E+00,0.000000E+00,1.766717E+01,3.398741E+05,5.663890E+05
15:24:00,5.229474E+00,1.203368E+05,2.578414E+00,0.000000E+00,0.000000E+00,2.578414E+00,0.000000E+00,1.766243E+01,3.393889E+05,5.658309E+05
15:27:00,5.224614E+00,1.202250E+05,2.578414E+00,0.000000E+00,0.000000E+00,2.578414E+00,0.000000E+00,1.765706E+01,3.388919E+05,5.652530E+05
15:30:00,5.219792E+00,1.201140E+05,2.578414E+00,0.000000E+00,0.000000E+00,2.578414E+00,0.000000E+00,1.765106E+01,3.383830E+05,5.646550E+05
15:33:00,5.215008E+00,1.200039E+05,2.578414E+00,0.000000E+00,0.000000E+00,2.578414E+00,0.000000E+00,1.764442E+01,3.378622E+05,5.640371E+05
15:36:00,5.210262E+00,1.198947E+05,2.578414E+00,0.000000E+00,0.000000E+00,2.578414E+00,0.000000E+00,1.763715E+01,3.373295E+05,5.633991E+05
15:39:00,5.205553E+00,1.197863E+05,2.578414E+00,0.000000E+00,0.000000E+00,2.578414E+00,0.000000E+00,1.762924E+01,3.367849E+05,5.627410E+05
15:42:00,5.200880E+00,1.196788E+05,2.578414E+00,0.000000E+00,0.000000E+00,2.578414E+00,0.000000E+00,1.762069E+01,3.362285E+05,5.620630E+05
15:45:00,5.196245E+00,1.195721E+05,2.578414E+00,0.000000E+00,0.000000E+00,2.578414E+00,0.000000E+00,1.761149E+01,3.356601E+05,5.613647E+05
15:48:00,5.191645E+00,1.194663E+05,2.578414E+00,0.000000E+00,0.000000E+00,2.578414E+00,0.000000E+00,1.760165E+01,3.350800E+05,5.606464E+05
15:51:00,5.187081E+00,1.193613E+05,2.578414E+00,0.000000E+00,0.000000E+00,2.578414E+00,0.000000E+00,1.759118E+01,3.344881E+05,5.599082E+05
15:54:00,5.182553E+00,1.192571E+05,2.578414E+00,0.000000E+00,0.000000E+00,2.578414E+00,0.000000E+00,1.758006E+01,3.338845E+05,5.591501E+05
15:57:00,5.178060E+00,1.191537E+05,2.578414E+00,0.000000E+00,0.000000E+00,2.578414E+00,0.000000E+00,1.756831E+01,3.332695E+05,5.583725E+05
16:00:00,5.173602E+00,1.190511E+05,2.578414E+00,0.000000E+00,0.000000E+00,2.578414E+00,0.000000E+00,1.755593E+01,3.326430E+05,5.575753E+05
16:03:00,5.169178E+00,1.189493E+05,2.578414E+00,0.000000E+00,0.000000E+00,2.578414E+00,0.000000E+00,1.754298E+01,3.318757E+05,5.566260E+05
16:06:00,5.164788E+00,1.188483E+05,2.578414E+00,0.000000E+00,0.000000E+00,2.578414E+00,0.000000E+00,1.752945E+01,3.310984E+05,5.556593E+05
16:09:00,5.160432E+00,1.187481E+05,2.578414E+00,0.000000E+00,0.000000E+00,2.578414E+00,0.000000E+00,1.751535E+01,3.303111E+05,5.546757E+05
16:12:00,5.156110E+00,1.186486E+05,2.578414E+00,0.000000E+00,0.000000E+00,2.578414E+00,0.000000E+00,1.750069E+01,3.295142E+05,5.536750E+05
16:15:00,5.151821E+00,1.185499E+05,2.578414E+00,0.000000E+00,0.000000E+00,2.578414E+00,0.000000E+00,1.748549E+01,3.287078E+05,5.526578E+05
16:18:00,5.147565E+00,1.184520E+05,2.578414E+00,0.000000E+00,0.000000E+00,2.578414E+00,0.000000E+00,1.746974E+01,3.278922E+05,5.516246E+05
16:21:00,5.143342E+00,1.183548E+05,2.578414E+00,0.000000E+00,0.000000E+00,2.578414E+00,0.000000E+00,1.745356E+01,3.270693E+05,5.505785E+05
16:24:00,5.139151E+00,1.182584E+05,2.578414E+00,0.000000E+00,0.000000E+00,2.578414E+00,0.000000E+00,1.743588E+01,3.262195E+05,5.494864E+05
16:27:00,5.134992E+00,1.181626E+05,2.578414E+00,0.000000E+00,0.000000E+00,2.578414E+00,0.000000E+00,1.741753E+01,3.253580E+05,5.483738E+05
16:30:00,5.130865E+00,1.180677E+05,2.578414E+00,0.000000E+00,0.000000E+00,2.578414E+00,0.000000E+00,1.739865E+01,3.244878E+05,5.472460E+05
16:33:00,5.126769E+00,1.179734E+05,2.578414E+00,0.000000E+00,0.000000E+00,2.578414E+00,0.000000E+00,1.737929E+01,3.236100E+05,5.461048E+05
16:36:00,5.122705E+00,1.178799E+05,2.578414E+00,0.000000E+00,0.000000E+00,2.578414E+00,0.000000E+00,1.735949E+01,3.227249E+05,5.449503E+05
16:39:00,5.118671E+00,1.177871E+05,2.578414E+00,0.000000E+00,0.000000E+00,2.578414E+00,0.000000E+00,1.733926E+01,3.218330E+05,5.437835E+05
16:42:00,5.114668E+00,1.176950E+05,2.578414E+00,0.000000E+00,0.000000E+00,2.578414E+00,0.000000E+00,1.731861E+01,3.209346E+05,5.426050E+05
16:45:00,5.110695E+00,1.176035E+05,2.578414E+00,0.000000E+00,0.000000E+00,2.578414E+00,0.000000E+00,1.729756E+01,3.200300E+05,5.414151E+05
16:48:00,5.106753E+00,1.175128E+05,2.578414E+00,0.000000E+00,0.000000E+00,2.578414E+00,0.000000E+00,1.727612E+01,3.191195E+05,5.402144E+05
16:51:00,5.102840E+00,1.174228E+05,2.578414E+00,0.000000E+00,0.000000E+00,2.578414E+00,0.000000E+00,1.725430E+01,3.182032E+05,5.390029E+05
16:54:00,5.098956E+00,1.173334E+05,2.578414E+00,0.000000E+00,0.000000E+00,2.578414E+00,0.000000E+00,1.723212E+01,3.172816E+05,5.377822E+05
16:57:00,5.095102E+00,1.172447E+05,2.578414E+00,0.000000E+00,0.000000E+00,2.578414E+00,0.000000E+00,1.720961E+01,3.163553E+05,5.365520E+05
17:00:00,5.091277E+00,1.171567E+05,2.578414E+00,0.000000E+00,0.000000E+00,2.578414E+00,0.000000E+00,1.718678E+01,3.154245E+05,5.353134E+05
17:03:00,5.087481E+00,1.170693E+05,2.578414E+00,0.000000E+00,0.000000E+00,2.578414E+00,0.000000E+00,1.716366E+01,3.143619E+05,5.339353E+05
17:06:00,5.083713E+00,1.169826E+05,2.578414E+00,0.000000E+00,0.000000E+00,2.578414E+00,0.000000E+00,1.714023E+01,3.132956E+05,5.325498E+05
17:09:00,5.079973E+00,1.168966E+05,2.578414E+00,0.000000E+00,0.000000E+00,2.578414E+00,0.000000E+00,1.711651E+01,3.122257E+05,5.311569E+05
17:12:00,5.076261E+00,1.168112E+05,2.578414E+00,0.000000E+00,0.000000E+00,2.578414E+00,0.000000E+00,1.709249E+01,3.111520E+05,5.297564E+05
17:15:00,5.072577E+00,1.167264E+05,2.578414E+00,0.000000E+00,0.000000E+00,2.578414E+00,0.000000E+00,1.706815E+01,3.100744E+05,5.283483E+05
17:18:00,5.068921E+00,1.166423E+05,2.578414E+00,0.000000E+00,0.000000E+00,2.578414E+00,0.000000E+00,1.704348E+01,3.089925E+05,5.269314E+05
17:21:00,5.065291E+00,1.165587E+05,2.578414E+00,0.000000E+00,0.000000E+00,2.578414E+00,0.000000E+00,1.701836E+01,3.079043E+05,5.255024E+05
17:24:00,5.061689E+00,1.164759E+05,2.578414E+00,0.000000E+00,0.000000E+00,2.578414E+00,0.000000E+00,1.699382E+01,3.068284E+05,5.240934E+05
17:27:00,5.058114E+00,1.163936E+05,2.578414E+00,0.000000E+00,0.000000E+00,2.578414E+00,0.000000E+00,1.696902E+01,3.057498E+05,5.226782E+05
17:30:00,5.054565E+00,1.163119E+05,2.578414E+00,0.000000E+00,0.000000E+00,2.578414E+00,0.000000E+00,1.694376E+01,3.046648E+05,5.212510E+05
17:33:00,5.051042E+00,1.162308E+05,2.578414E+00,0.000000E+00,0.000000E+00,2.578414E+00,0.000000E+00,1.691798E+01,3.035721E+05,5.198096E+05
17:36:00,5.047545E+00,1.161504E+05,2.578414E+00,0.000000E+00,0.000000E+00,2.578414E+00,0.000000E+00,1.689159E+01,3.024705E+05,5.183514E+05
17:39:00,5.044074E+00,1.160705E+05,2.578414E+00,0.000000E+00,0.000000E+00,2.578414E+00,0.000000E+00,1.686453E+01,3.013590E+05,5.168748E+05
17:42:00,5.040629E+00,1.159912E+05,2.578414E+00,0.000000E+00,0.000000E+00,2.578414E+00,0.000000E+00,1.683674E+01,3.002365E+05,5.153780E+05
17:45:00,5.037209E+00,1.159125E+05,2.578414E+00,0.000000E+00,0.000000E+00,2.578414E+00,0.000000E+00,1.680816E+01,2.991020E+05,5.138590E+05
17:48:00,5.033815E+00,1.158344E+05,2.578414E+00,0.000000E+00,0.000000E+00,2.578414E+00,0.000000E+00,1.677872E+01,2.979541E+05,5.123158E+05
17:51:00,5.030445E+00,1.157569E+05,2.578414E+00,0.000000E+00,0.000000E+00,2.578414E+00,0.000000E+00,1.674834E+01,2.967919E+05,5.107466E+05
17:54:00,5.027100E+00,1.156799E+05,2.578414E+00,0.000000E+00,0.000000E+00,2.578414E+00,0.000000E+00,1.671697E+01,2.956146E+05,5.091495E+05
17:57:00,5.023779E+00,1.156035E+05,2.578414E+00,0.000000E+00,0.000000E+00,2.578414E+00,0.000000E+00,1.668451E+01,2.944202E+05,5.075213E+05
18:00:00,5.020483E+00,1.155277E+05,2.578414E+00,0.000000E+00,0.000000E+00,2.578414E+00,0.000000E+00,1.665084E+01,2.932069E+05,5.058589E+05
18:03:00,5.054893E+00,1.163195E+05,2.578414E+00,0.000000E+00,0.000000E+00,2.578414E+00,0.000000E+00,1.661584E+01,2.916641E+05,5.038408E+05
18:06:00,5.089360E+00,1.171126E+05,2.578414E+00,0.000000E+00,0.000000E+00,2.578414E+00,0.000000E+00,1.657945E+01,2.901005E+05,5.017841E+05
18:09:00,5.123916E+00,1.179078E+05,2.578414E+00,0.000000E+00,0.000000E+00,2.578414E+00,0.000000E+00,1.653993E+01,2.884867E+05,4.996373E+05
18:12:00,5.158649E+00,1.187070E+05,2.578414E+00,0.000000E+00,0.000000E+00,2.578414E+00,0.000000E+00,1.649853E+01,2.868445E+05,4.974385E+05
18:15:00,5.193615E+00,1.195116E+05,2.578414E+00,0.000000E+00,0.000000E+00,2.578414E+00,0.000000E+00,1.645531E+01,2.851754E+05,4.951895E+05
18:18:00,5.228844E+00,1.203223E+05,2.578414E+00,0.000000E+00,0.000000E+00,2.578414E+00,0.000000E+00,1.641022E+01,2.834787E+05,4.928893E+05
18:21:00,5.264343E+00,1.211392E+05,2.578414E+00,0.000000E+00,0.000000E+00,2.578414E+00,0.000000E+00,1.636321E+01,2.817541E+05,4.905367E+05
18:24:00,5.300104E+00,1.219621E+05,2.578414E+00,0.000000E+00,0.000000E+00,2.578414E+00,0.000000E+00,1.631445E+01,2.800047E+05,4.881373E+05
18:27:00,5.336110E+00,1.227906E+05,2.578414E+00,0.000000E+00,0.000000E+00,2.578414E+00,0.000000E+00,1.626376E+01,2.782276E+05,4.856858E+05
18:30:00,5.372344E+00,1.236244E+05,2.578414E+00,0.000000E+00,0.000000E+00,2.578414E+00,0.000000E+00,1.621109E+01,2.764225E+05,4.831812E+05
18:33:00,5.408790E+00,1.244631E+05,2.578414E+00,0.000000E+00,0.000000E+00,2.578414E+00,0.000000E+00,1.615642E+01,2.745893E+05,4.806229E+05
18:36:00,5.445432E+00,1.253063E+05,2.578414E+00,0.000000E+00,0.000000E+00,2.578414E+00,0.000000E+00,1.609988E+01,2.727304E+05,4.780154E+05
18:39:00,5.482254E+00,1.261536E+05,2.578414E+00,0.000000E+00,0.000000E+00,2.578414E+00,0.000000E+00,1.604171E+01,2.708504E+05,4.753664E+05
18:42:00,5.519245E+00,1.270048E+05,2.578414E+00,0.000000E+00,0.000000E+00,2.578414E+00,0.000000E+00,1.598186E+01,2.689486E+05,4.726743E+05
18:45:00,5.556393E+00,1.278596E+05,2.578414E+00,0.000000E+00,0.000000E+00,2.578414E+00,0.000000E+00,1.592053E+01,2.670287E+05,4.699451E+05
18:48:00,5.593687E+00,1.287178E+05,2.578414E+00,0.000000E+00,0.000000E+00,2.578414E+00,0.000000E+00,1.585635E+01,2.650679E+05,4.671394E+05
18:51:00,5.631120E+00,1.295792E+05,2.578414E+00,0.000000E+00,0.000000E+00,2.578414E+00,0.000000E+00,1.579045E+01,2.630856E+05,4.642903E+05
18:54:00,5.668681E+00,1.304435E+05,2.578414E+00,0.000000E+00,0.000000E+00,2.578414E+00,0.000000E+00,1.572252E+01,2.610770E+05,4.613893E+05
18:57:00,5.706365E+00,1.313107E+05,2.578414E+00,0.000000E+00,0.000000E+00,2.578414E+00,0.000000E+00,1.565410E+01,2.590679E+05,4.584815E+05
19:00:00,5.744164E+00,1.321805E+05,2.578414E+00,0.000000E+00,0.000000E+00,2.578414E+00,0.000000E+00,1.558477E+01,2.570513E+05,4.555551E+05
19:03:00,5.744391E+00,1.321857E+05,2.578414E+00,0.000000E+00,0.000000E+00,2.578414E+00,0.000000E+00,1.551452E+01,2.552581E+05,4.528478E+05
19:06:00,5.744689E+00,1.321925E+05,2.578414E+00,0.000000E+00,0.000000E+00,2.578414E+00,0.000000E+00,1.544450E+01,2.534745E+05,4.501531E+05
19:09:00,5.745019E+00,1.322001E+05,2.578414E+00,0.000000E+00,0.000000E+00,2.578414E+00,0.000000E+00,1.537615E+01,2.517238E+05,4.475126E+05
19:12:00,5.745292E+00,1.322064E+05,2.578414E+00,0.000000E+00,0.000000E+00,2.578414E+00,0.000000E+00,1.530820E+01,2.499853E+05,4.448896E+05
19:15:00,5.745446E+00,1.322100E+05,2.578414E+00,0.000000E+00,0.000000E+00,2.578414E+00,0.000000E+00,1.524031E+01,2.482533E+05,4.422743E+05
19:18:00,5.745446E+00,1.322100E+05,2.578414E+00,0.000000E+00,0.000000E+00,2.578414E+00,0.000000E+00,1.517226E+01,2.465244E+05,4.396599E+05
19:21:00,5.745283E+00,1.322062E+05,2.578414E+00,0.000000E+00,0.000000E+00,2.578414E+00,0.000000E+00,1.510490E+01,2.448122E+05,4.370714E+05
19:24:00,5.744962E+00,1.321988E+05,2.578414E+00,0.000000E+00,0.000000E+00,2.578414E+00,0.000000E+00,1.503832E+01,2.431180E+05,4.345110E+05
19:27:00,5.744495E+00,1.321881E+05,2.578414E+00,0.000000E+00,0.000000E+00,2.578414E+00,0.000000E+00,1.497284E+01,2.414470E+05,4.319876E+05
19:30:00,5.743899E+00,1.321744E+05,2.578414E+00,0.000000E+00,0.000000E+00,2.578414E+00,0.000000E+00,1.490864E+01,2.398020E+05,4.295070E+05
19:33:00,5.743186E+00,1.321579E+05,2.578414E+00,0.000000E+00,0.000000E+00,2.578414E+00,0.000000E+00,1.484588E+01,2.381854E+05,4.270733E+05
19:36:00,5.742368E+00,1.321391E+05,2.578414E+00,0.000000E+00,0.000000E+00,2.578414E+00,0.000000E+00,1.478457E+01,2.365971E+05,4.246863E+05
19:39:00,5.741459E+00,1.321182E+05,2.578414E+00,0.000000E+00,0.000000E+00,2.578414E+00,0.000000E+00,1.472459E+01,2.350350E+05,4.223427E+05
19:42:00,5.740468E+00,1.320954E+05,2.578414E+00,0.000000E+00,0.000000E+00,2.578414E+00,0.000000E+00,1.466612E+01,2.335019E+05,4.200475E+05
19:45:00,5.739406E+00,1.320710E+05,2.578414E+00,0.000000E+00,0.000000E+00,2.578414E+00,0.000000E+00,1.460909E+01,2.319965E+05,4.177982E+05
19:48:00,5.738280E+00,1.320451E+05,2.578414E+00,0.000000E+00,0.000000E+00,2.578414E+00,0.000000E+00,1.455501E+01,2.305424E+05,4.156381E+05
19:51:00,5.737097E+00,1.320178E+05,2.578414E+00,0.000000E+00,0.000000E+00,2.578414E+00,0.000000E+00,1.450287E+01,2.291234E+05,4.135380E+05
19:54:00,5.735865E+00,1.319895E+05,2.578414E+00,0.000000E+00,0.000000E+00,2.578414E+00,0.000000E+00,1.445308E+01,2.277456E+05,4.115090E+05
19:57:00,5.734589E+00,1.319601E+05,2.578414E+00,0.000000E+00,0.000000E+00,2.578414E+00,0.000000E+00,1.440425E+01,2.263871E+05,4.095115E+05
20:00:00,5.733274E+00,1.319299E+05,2.578414E+00,0.000000E+00,0.000000E+00,2.578414E+00,0.000000E+00,1.435695E+01,2.250567E+05,4.075618E+05
20:03:00,5.731924E+00,1.318988E+05,2.578414E+00,0.000000E+00,0.000000E+00,2.578414E+00,0.000000E+00,1.431141E+01,2.238638E+05,4.057753E+05
20:06:00,5.730544E+00,1.318670E+05,2.578414E+00,0.000000E+00,0.000000E+00,2.578414E+00,0.000000E+00,1.426659E+01,2.226854E+05,4.040125E+05
20:09:00,5.729137E+00,1.318347E+05,2.578414E+00,0.000000E+00,0.000000E+00,2.578414E+00,0.000000E+00,1.422284E+01,2.215265E+05,4.022831E+05
20:12:00,5.727707E+00,1.318018E+05,2.578414E+00,0.000000E+00,0.000000E+00,2.578414E+00,0.000000E+00,1.418025E+01,2.203886E+05,4.005894E+05
20:15:00,5.726255E+00,1.317684E+05,2.578414E+00,0.000000E+00,0.000000E+00,2.578414E+00,0.000000E+00,1.413915E+01,2.192768E+05,3.989407E+05
20:18:00,5.724785E+00,1.317345E+05,2.578414E+00,0.000000E+00,0.000000E+00,2.578414E+00,0.000000E+00,1.409990E+01,2.181963E+05,3.973470E+05
20:21:00,5.723299E+00,1.317003E+05,2.578414E+00,0.000000E+00,0.000000E+00,2.578414E+00,0.000000E+00,1.406176E+01,2.171355E+05,3.957870E+05
20:24:00,5.721799E+00,1.316658E+05,2.578414E+00,0.000000E+00,0.000000E+00,2.578414E+00,0.000000E+00,1.402456E+01,2.160918E+05,3.942565E+05
20:27:00,5.720287E+00,1.316310E+05,2.578414E+00,0.000000E+00,0.000000E+00,2.578414E+00,0.000000E+00,1.398823E+01,2.150640E+05,3.927529E+05
20:30:00,5.718763E+00,1.315959E+05,2.578414E+00,0.000000E+00,0.000000E+00,2.578414E+00,0.000000E+00,1.395273E+01,2.140512E+05,3.912746E+05
20:33:00,5.717229E+00,1.315607E+05,2.578414E+00,0.000000E+00,0.000000E+00,2.578414E+00,0.000000E+00,1.391799E+01,2.130527E+05,3.898207E+05
20:36:00,5.715689E+00,1.315252E+05,2.578414E+00,0.000000E+00,0.000000E+00,2.578414E+00,0.000000E+00,1.388400E+01,2.120677E+05,3.883898E+05
20:39:00,5.714142E+00,1.314896E+05,2.578414E+00,0.000000E+00,0.000000E+00,2.578414E+00,0.000000E+00,1.385070E+01,2.110956E+05,3.869805E+05
20:42:00,5.712590E+00,1.314539E+05,2.578414E+00,0.000000E+00,0.000000E+00,2.578414E+00,0.000000E+00,1.381807E+01,2.101359E+05,3.855924E+05
20:45:00,5.711046E+00,1.314184E+05,2.578414E+00,0.000000E+00,0.000000E+00,2.578414E+00,0.000000E+00,1.378608E+01,2.091881E+05,3.842243E+05
20:48:00,5.709507E+00,1.313830E+05,2.578414E+00,0.000000E+00,0.000000E+00,2.578414E+00,0.000000E+00,1.375470E+01,2.082517E+05,3.828753E+05
20:51:00,5.707970E+00,1.313476E+05,2.578414E+00,0.000000E+00,0.000000E+00,2.578414E+00,0.000000E+00,1.372391E+01,2.073263E+05,3.815449E+05
20:54:00,5.706436E+00,1.313123E+05,2.578414E+00,0.000000E+00,0.000000E+00,2.578414E+00,0.000000E+00,1.369368E+01,2.064114E+05,3.802323E+05
20:57:00,5.704904E+00,1.312770E+05,2.578414E+00,0.000000E+00,0.000000E+00,2.578414E+00,0.000000E+00,1.366399E+01,2.055067E+05,3.789366E+05
21:00:00,5.703374E+00,1.312418E+05,2.578414E+00,0.000000E+00,0.000000E+00,2.578414E+00,0.000000E+00,1.363483E+01,2.046119E+05,3.776578E+05
21:03:00,5.701847E+00,1.312067E+05,2.578414E+00,0.000000E+00,0.000000E+00,2.578414E+00,0.000000E+00,1.360615E+01,2.037262E+05,3.763942E+05
21:06:00,5.700323E+00,1.311716E+05,2.578414E+00,0.000000E+00,0.000000E+00,2.578414E+00,0.000000E+00,1.357794E+01,2.028495E+05,3.751454E+05
21:09:00,5.698803E+00,1.311366E+05,2.578414E+00,0.000000E+00,0.000000E+00,2.578414E+00,0.000000E+00,1.355018E+01,2.019813E+05,3.739112E+05
21:12:00,5.697287E+00,1.311018E+05,2.578414E+00,0.000000E+00,0.000000E+00,2.578414E+00,0.000000E+00,1.352285E+01,2.011215E+05,3.726909E+05
21:15:00,5.695775E+00,1.310670E+05,2.578414E+00,0.000000E+00,0.000000E+00,2.578414E+00,0.000000E+00,1.349595E+01,2.002698E+05,3.714838E+05
21:18:00,5.694267E+00,1.310323E+05,2.578414E+00,0.000000E+00,0.000000E+00,2.578414E+00,0.000000E+00,1.346945E+01,1.994258E+05,3.702900E+05
21:21:00,5.692764E+00,1.309977E+05,2.578414E+00,0.000000E+00,0.000000E+00,2.578414E+00,0.000000E+00,1.344334E+01,1.985894E+05,3.691085E+05
21:24:00,5.691266E+00,1.309632E+05,2.578414E+00,0.000000E+00,0.000000E+00,2.578414E+00,0.000000E+00,1.341762E+01,1.977604E+05,3.679394E+05
21:27:00,5.689774E+00,1.309289E+05,2.578414E+00,0.000000E+00,0.000000E+00,2.578414E+00,0.000000E+00,1.339225E+01,1.969385E+05,3.667822E+05
21:30:00,5.688287E+00,1.308947E+05,2.578414E+00,0.000000E+00,0.000000E+00,2.578414E+00,0.000000E+00,1.336725E+01,1.961234E+05,3.656361E+05
21:33:00,5.686806E+00,1.308606E+05,2.578414E+00,0.000000E+00,0.000000E+00,2.578414E+00,0.000000E+00,1.334258E+01,1.953151E+05,3.645014E+05
21:36:00,5.685331E+00,1.308266E+05,2.578414E+00,0.000000E+00,0.000000E+00,2.578414E+00,0.000000E+00,1.331825E+01,1.945132E+05,3.633774E+05
21:39:00,5.683863E+00,1.307929E+05,2.578414E+00,0.000000E+00,0.000000E+00,2.578414E+00,0.000000E+00,1.329424E+01,1.937177E+05,3.622636E+05
21:42:00,5.682401E+00,1.307592E+05,2.578414E+00,0.000000E+00,0.000000E+00,2.578414E+00,0.000000E+00,1.327054E+01,1.929283E+05,3.611603E+05
21:45:00,5.680934E+00,1.307255E+05,2.578414E+00,0.000000E+00,0.000000E+00,2.578414E+00,0.000000E+00,1.324714E+01,1.921449E+05,3.600668E+05
21:48:00,5.679466E+00,1.306917E+05,2.578414E+00,0.000000E+00,0.000000E+00,2.578414E+00,0.000000E+00,1.322404E+01,1.913673E+05,3.589827E+05
21:51:00,5.678000E+00,1.306580E+05,2.578414E+00,0.000000E+00,0.000000E+00,2.578414E+00,0.000000E+00,1.320123E+01,1.905954E+05,3.579082E+05
21:54:00,5.676538E+00,1.306243E+05,2.578414E+00,0.000000E+00,0.000000E+00,2.578414E+00,0.000000E+00,1.317869E+01,1.898291E+05,3.568429E+05
21:57:00,5.675080E+00,1.305907E+05,2.578414E+00,0.000000E+00,0.000000E+00,2.578414E+00,0.000000E+00,1.315644E+01,1.890683E+05,3.557864E+05
22:00:00,5.673626E+00,1.305573E+05,2.578414E+00,0.000000E+00,0.000000E+00,2.578414E+00,0.000000E+00,1.313444E+01,1.883128E+05,3.547388E+05
22:03:00,5.440148E+00,1.251847E+05,2.578414E+00,0.000000E+00,0.000000E+00,2.578414E+00,0.000000E+00,1.246698E+01,1.784186E+05,3.363773E+05
22:06:00,5.206745E+00,1.198138E+05,2.578414E+00,0.000000E+00,0.000000E+00,2.578414E+00,0.000000E+00,1.181559E+01,1.687889E+05,3.184848E+05
22:09:00,4.973417E+00,1.144446E+05,2.578414E+00,0.000000E+00,0.000000E+00,2.578414E+00,0.000000E+00,1.122141E+01,1.600088E+05,3.021681E+05
22:12:00,4.740162E+00,1.090771E+05,2.578414E+00,0.000000E+00,0.000000E+00,2.578414E+00,0.000000E+00,1.061257E+01,1.510510E+05,2.854885E+05
22:15:00,4.537176E+00,1.044061E+05,2.578414E+00,0.000000E+00,0.000000E+00,2.578414E+00,0.000000E+00,1.001327E+01,1.422604E+05,2.690981E+05
22:18:00,4.336120E+00,9.977958E+04,2.578414E+00,0.000000E+00,0.000000E+00,2.578414E+00,0.000000E+00,9.430148E+00,1.337305E+05,2.531745E+05
22:21:00,4.135119E+00,9.515430E+04,2.578414E+00,0.000000E+00,0.000000E+00,2.578414E+00,0.000000E+00,8.850969E+00,1.252867E+05,2.373875E+05
22:24:00,3.934173E+00,9.053029E+04,2.578414E+00,0.000000E+00,0.000000E+00,2.578414E+00,0.000000E+00,8.276646E+00,1.169417E+05,2.217620E+05
22:27:00,3.733282E+00,8.590753E+04,2.578414E+00,0.000000E+00,0.000000E+00,2.578414E+00,0.000000E+00,7.774622E+00,1.096462E+05,2.081024E+05
22:30:00,3.532446E+00,8.128603E+04,2.578414E+00,0.000000E+00,0.000000E+00,2.578414E+00,0.000000E+00,7.270700E+00,1.023501E+05,1.944189E+05
22:33:00,3.333482E+00,7.670763E+04,2.578414E+00,0.000000E+00,0.000000E+00,2.578414E+00,0.000000E+00,6.760561E+00,9.499290E+04,1.805964E+05
22:36:00,3.136639E+00,7.217803E+04,2.578414E+00,0.000000E+00,0.000000E+00,2.578414E+00,0.000000E+00,6.258053E+00,8.776927E+04,1.670049E+05
22:39:00,2.939798E+00,6.764846E+04,2.578414E+00,0.000000E+00,0.000000E+00,2.578414E+00,0.000000E+00,5.758385E+00,8.061156E+04,1.535161E+05
22:42:00,2.753485E+00,6.336117E+04,2.578414E+00,0.000000E+00,0.000000E+00,2.578414E+00,0.000000E+00,5.261482E+00,7.351848E+04,1.401278E+05
22:45:00,2.641433E+00,6.078271E+04,2.578414E+00,0.000000E+00,0.000000E+00,2.578414E+00,0.000000E+00,4.767275E+00,6.648888E+04,1.268378E+05
22:48:00,2.580467E+00,5.937981E+04,2.578414E+00,0.000000E+00,0.000000E+00,2.578414E+00,0.000000E+00,4.275708E+00,5.952175E+04,1.136446E+05
22:51:00,2.578414E+00,5.933257E+04,2.578414E+00,0.000000E+00,0.000000E+00,2.578414E+00,0.000000E+00,3.858515E+00,5.361362E+04,1.024524E+05
22:54:00,2.578414E+00,5.933257E+04,2.578414E+00,0.000000E+00,0.000000E+00,2.578414E+00,0.000000E+00,3.666130E+00,5.084504E+04,9.724581E+04
22:57:00,2.578414E+00,5.933257E+04,2.578414E+00,0.000000E+00,0.000000E+00,2.578414E+00,0.000000E+00,3.513185E+00,4.863243E+04,9.309467E+04
23:00:00,2.578414E+00,5.933257E+04,2.578414E+00,0.000000E+00,0.000000E+00,2.578414E+00,0.000000E+00,3.399328E+00,4.696785E+04,8.998638E+04
23:03:00,2.578414E+00,5.933257E+04,2.578414E+00,0.000000E+00,0.000000E+00,2.578414E+00,0.000000E+00,3.478357E+00,4.796926E+04,9.198516E+04
23:06:00,2.578414E+00,5.933257E+04,2.578414E+00,0.000000E+00,0.000000E+00,2.578414E+00,0.000000E+00,3.542932E+00,4.876758E+04,9.359783E+04
23:09:00,2.578414E+00,5.933257E+04,2.578414E+00,0.000000E+00,0.000000E+00,2.578414E+00,0.000000E+00,3.555707E+00,4.885090E+04,9.383992E+04
23:12:00,2.578414E+00,5.933257E+04,2.578414E+00,0.000000E+00,0.000000E+00,2.578414E+00,0.000000E+00,3.589202E+00,4.921766E+04,9.462764E+04
23:15:00,2.578414E+00,5.933257E+04,2.578414E+00,0.000000E+00,0.000000E+00,2.578414E+00,0.000000E+00,3.619211E+00,4.953497E+04,9.532170E+04
23:18:00,2.578414E+00,5.933257E+04,2.578414E+00,0.000000E+00,0.000000E+00,2.578414E+00,0.000000E+00,3.634632E+00,4.965144E+04,9.563040E+04
23:21:00,2.578414E+00,5.933257E+04,2.578414E+00,0.000000E+00,0.000000E+00,2.578414E+00,0.000000E+00,3.647689E+00,4.973487E+04,9.587612E+04
23:24:00,2.578414E+00,5.933257E+04,2.578414E+00,0.000000E+00,0.000000E+00,2.578414E+00,0.000000E+00,3.660866E+00,4.981926E+04,9.612422E+04
23:27:00,2.578414E+00,5.933257E+04,2.578414E+00,0.000000E+00,0.000000E+00,2.578414E+00,0.000000E+00,3.672478E+00,4.988170E+04,9.633064E+04
23:30:00,2.578414E+00,5.933257E+04,2.578414E+00,0.000000E+00,0.000000E+00,2.578414E+00,0.000000E+00,3.683603E+00,4.993694E+04,9.652362E+04
23:33:00,2.578414E+00,5.933257E+04,2.578414E+00,0.000000E+00,0.000000E+00,2.578414E+00,0.000000E+00,3.694309E+00,4.998592E+04,9.670508E+04
23:36:00,2.578414E+00,5.933257E+04,2.578414E+00,0.000000E+00,0.000000E+00,2.578414E+00,0.000000E+00,3.704628E+00,5.002914E+04,9.687586E+04
23:39:00,2.578414E+00,5.933257E+04,2.578414E+00,0.000000E+00,0.000000E+00,2.578414E+00,0.000000E+00,3.714591E+00,5.006700E+04,9.703671E+04
23:42:00,2.578414E+00,5.933257E+04,2.578414E+00,0.000000E+00,0.000000E+00,2.578414E+00,0.000000E+00,3.724221E+00,5.009988E+04,9.718842E+04
23:45:00,2.578414E+00,5.933257E+04,2.578414E+00,0.000000E+00,0.000000E+00,2.578414E+00,0.000000E+00,3.733542E+00,5.012810E+04,9.733154E+04
23:48:00,2.578414E+00,5.933257E+04,2.578414E+00,0.000000E+00,0.000000E+00,2.578414E+00,0.000000E+00,3.742574E+00,5.015196E+04,9.746657E+04
23:51:00,2.578414E+00,5.933257E+04,2.578414E+00,0.000000E+00,0.000000E+00,2.578414E+00,0.000000E+00,3.751334E+00,5.017172E+04,9.759412E+04
23:54:00,2.578414E+00,5.933257E+04,2.578414E+00,0.000000E+00,0.000000E+00,2.578414E+00,0.000000E+00,3.759839E+00,5.018762E+04,9.771450E+04
23:57:00,2.578414E+00,5.933257E+04,2.578414E+00,0.000000E+00,0.000000E+00,2.578414E+00,0.000000E+00,3.768104E+00,5.019987E+04,9.782825E+04
24:00:00,2.578414E+00,5.933257E+04,2.578414E+00,0.000000E+00,0.000000E+00,2.578414E+00,0.000000E+00,3.776142E+00,5.020868E+04,9.793567E+04
Coinc Peak   ,7.731207E+00,1.776386E+01,1.779048E+05,3.261098E+05
NonCoinc Peak,7.731207E+00,2.063894E+01,1.779048E+05,3.261098E+05
