Date/Time,CORNER_CLASS_1_POD_1_ZN_1_FLR_1:Zone Mean Air Temperature [C](Hourly),MULT_CLASS_1_POD_1_ZN_1_FLR_1:Zone Mean Air Temperature [C](Hourly),CORRIDOR_POD_1_ZN_1_FLR_1:Zone Mean Air Temperature [C](Hourly),CORNER_CLASS_2_POD_1_ZN_1_FLR_1:Zone Mean Air Temperature [C](Hourly),MULT_CLASS_2_POD_1_ZN_1_FLR_1:Zone Mean Air Temperature [C](Hourly),CORNER_CLASS_1_POD_1_ZN_1_FLR_1_LOTEMP:Zone Radiant HVAC Pump Electric Power [W](Hourly),MULT_CLASS_1_POD_1_ZN_1_FLR_1_LOTEMP:Zone Radiant HVAC Pump Electric Power [W](Hourly),CORRIDOR_POD_1_ZN_1_FLR_1_LOTEMP:Zone Radiant HVAC Pump Electric Power [W](Hourly),CORNER_CLASS_2_POD_1_ZN_1_FLR_1_LOTEMP:Zone Radiant HVAC Pump Electric Power [W](Hourly),MULT_CLASS_2_POD_1_ZN_1_FLR_1_LOTEMP:Zone Radiant HVAC Pump Electric Power [W](Hourly),COOLSYS1 CHILLER1:Chiller Electric Power [W](Hourly),CHILLED WATER LOOP CHW SUPPLY PUMP2:Pump Electric Energy [J](Hourly) 
 07/01  01:00:00,21.223999675819134,21.405034911041715,21.14782477700579,21.23426248373096,21.40396286050913,100.0,100.0,100.0,100.0,100.0,7296.484807729469,5380743.578620627 
 07/01  02:00:00,21.0823292284536,21.293858278700627,21.0461656645735,21.09650843182913,21.302593766190048,100.0,100.0,100.0,100.0,100.0,7360.007303920601,5380743.578620627 
 07/01  03:00:00,20.965818120649357,21.191265620842179,20.952648780065439,20.97808234834738,21.205492206952955,20.0,100.0,0.0,35.0,100.0,6064.724517123367,5380743.578620627 
 07/01  04:00:00,20.906436934967389,21.101922903780048,20.89968158774418,20.911272753699355,21.120350642878728,0.0,100.0,0.0,0.0,100.0,5260.503010057632,5380743.578620627 
 07/01  05:00:00,20.868774580833848,21.018569894118686,20.863679746125614,20.873278955775314,21.041658070764365,0.0,75.0,0.0,0.0,100.0,4260.139442480587,5380743.578620627 
 07/01  06:00:00,20.836816372610508,20.955262390932679,20.832001852742854,20.842342652310437,20.971510597467515,0.0,0.0,0.0,0.0,5.0,136.07242921796689,269037.17893103128 
 07/01  07:00:00,20.9107793511482,20.994683317944419,20.854205203203123,20.943793230326315,21.006557246519358,5.0,35.0,0.0,20.0,45.0,2773.1661230499555,2421334.610379282 
 07/01  08:00:00,20.22839013515504,20.15680961733062,20.107380249987224,20.289908137038105,20.166035083599338,2.5,5.0,0.0,5.0,5.0,8202.674542047303,5380743.578620627 
 07/01  09:00:00,20.922893253790169,20.753857125424859,20.13115953693236,20.999585727651828,20.791904711556695,45.0,20.0,0.0,55.0,25.0,9677.84711123645,5380743.578620627 
 07/01  10:00:00,21.545717079332716,21.322575881303498,20.406623866408834,21.58211314608095,21.339561580045385,100.0,100.0,0.0,100.0,100.0,14725.38421677276,5380743.578620627 
 07/01  11:00:00,21.965621415899617,21.6801775556424,20.691718946846785,21.926875463285417,21.62393323217984,100.0,100.0,0.0,100.0,100.0,16412.362242457795,5380743.578620627 
 07/01  12:00:00,22.321407819833106,21.983784000534948,20.941592059505063,22.21050279983232,21.849140640488039,100.0,100.0,20.0,100.0,100.0,18161.14804752342,5380743.578620627 
 07/01  13:00:00,22.523976109290488,22.161613615308874,21.108896650174679,22.36623176533834,21.973002867706957,100.0,100.0,100.0,100.0,100.0,19577.142615702527,5380743.578620627 
 07/01  14:00:00,22.6207506309674,22.242805667560917,21.183686828947356,22.435832317891916,22.021230477332208,100.0,100.0,100.0,100.0,100.0,19877.99099173153,5380743.578620627 
 07/01  15:00:00,22.880152678702513,22.319094870005264,21.265553240961155,22.69464466710202,22.08787216114611,100.0,100.0,100.0,100.0,100.0,20509.48271032509,5380743.578620627 
 07/01  16:00:00,23.301217179408839,22.30927965085165,21.360124784165284,23.15809238474428,22.11124171005002,100.0,100.0,100.0,100.0,100.0,20879.810581451315,5380743.578620627 
 07/01  17:00:00,23.583473368451288,22.25070702822927,21.406275429044738,23.497481001297044,22.110421170383018,100.0,100.0,100.0,100.0,100.0,20990.27085668997,5380743.578620627 
 07/01  18:00:00,23.042905910272169,21.851957376098065,21.25071989267168,22.98784471861519,21.749607324648986,100.0,100.0,100.0,100.0,100.0,18784.313481651792,5380743.578620627 
 07/01  19:00:00,22.316189433625938,21.484662654700647,20.96022894526649,22.28909360422319,21.419176466082815,100.0,100.0,40.0,100.0,100.0,15490.377232209104,5380743.578620627 
 07/01  20:00:00,21.778601281799895,21.241808850604689,20.69760927255329,21.772659950249098,21.19783974282614,100.0,100.0,0.0,100.0,100.0,12717.626814013758,5380743.578620627 
 07/01  21:00:00,21.243120079119998,20.94725433514428,20.480501793314799,21.240612308630675,20.915015181492956,100.0,30.0,0.0,100.0,20.0,8116.905345515162,5380743.578620627 
 07/01  22:00:00,21.51360625432323,21.4358170411267,21.09605916848821,21.515903811616217,21.41293600929901,100.0,95.0,70.0,100.0,92.5,6919.1878621219589,5380743.578620627 
 07/01  23:00:00,21.482782150072027,21.5826948580289,21.29282565303971,21.492873511454119,21.565207121626988,100.0,100.0,100.0,100.0,100.0,7278.206885562504,5380743.578620627 
 07/01  24:00:00,21.34732244019811,21.50658467219506,21.239513857232209,21.35546007866594,21.493436331272187,100.0,100.0,100.0,100.0,100.0,7271.363855793401,5380743.578620627 
 07/02  01:00:00,21.192709245687764,21.388275504810577,21.145361685707309,21.20068857767018,21.385318225312486,100.0,100.0,100.0,100.0,100.0,7271.363855793401,5380743.578620627 
 07/02  02:00:00,21.048335002814324,21.278168040968497,21.044441659788988,21.056006714734037,21.279270075502077,100.0,100.0,100.0,100.0,100.0,7271.363855793401,5380743.578620627 
 07/02  03:00:00,20.99053278314672,21.217444786735738,20.97238501439074,20.995665484484254,21.221155504401769,30.0,100.0,5.0,40.0,100.0,5961.723461973174,5380743.578620627 
 07/02  04:00:00,20.960924491395006,21.15924005283021,20.946850929318324,20.96211615304331,21.166551649785285,0.0,100.0,0.0,0.0,100.0,5181.901424099832,5380743.578620627 
 07/02  05:00:00,20.90830882267568,21.06926128213572,20.91733887996343,20.911046207810537,21.08278806821065,0.0,100.0,0.0,0.0,100.0,5071.627141566973,5380743.578620627 
 07/02  06:00:00,20.911884856422796,21.01060658267831,20.89333515450537,20.915910017549185,21.026766981891265,0.0,80.0,0.0,0.0,100.0,4397.665565416564,5380743.578620627 
 07/02  07:00:00,20.99400284248349,21.014944087839714,20.91281942777088,21.020159261209615,21.02311832102217,40.0,50.0,0.0,55.0,100.0,4709.497572560915,5380743.578620627 
 07/02  08:00:00,20.28451087971236,20.164402777942919,20.14767448946346,20.326252532771464,20.154956190277966,5.0,5.0,0.0,5.0,2.5,7581.750580343626,5380743.578620627 
 07/02  09:00:00,20.918582440434855,20.70572856706001,20.12106611206285,20.9620544380369,20.697492553529139,45.0,5.0,0.0,50.0,0.0,8302.754267288723,5380743.578620627 
 07/02  10:00:00,21.527704848910977,21.258660760054867,20.374660087834284,21.526057967929824,21.210239908499376,100.0,100.0,0.0,100.0,100.0,14103.340976320766,5380743.578620627 
 07/02  11:00:00,22.064228137859226,21.685690712507787,20.662336493045577,21.99964803734254,21.571169003908648,100.0,100.0,0.0,100.0,100.0,16455.589539061293,5380743.578620627 
 07/02  12:00:00,22.336508268217118,21.9376595204181,20.910747595734667,22.214255313357329,21.764306654635275,100.0,100.0,5.0,100.0,100.0,17552.988780981388,5380743.578620627 
 07/02  13:00:00,22.48261807821688,22.096997839115415,21.089405866107059,22.313999858612655,21.875087700883538,100.0,100.0,100.0,100.0,100.0,18791.15046655674,5380743.578620627 
 07/02  14:00:00,22.63908187698227,22.20481166063876,21.175702247193934,22.4390361237825,21.944392948987326,100.0,100.0,100.0,100.0,100.0,18897.551738233808,5380743.578620627 
 07/02  15:00:00,22.88210500160851,22.294846121454265,21.266791047704606,22.693132084319225,22.040094420637709,100.0,100.0,100.0,100.0,100.0,19690.82559408246,5380743.578620627 
 07/02  16:00:00,23.256721492536515,22.297640698682036,21.351361487428137,23.1032381837124,22.069839484860638,100.0,100.0,100.0,100.0,100.0,19209.562009294368,5380743.578620627 
 07/02  17:00:00,23.045639712060909,22.116168503155497,21.287500418883547,22.94583170904629,21.94685799547065,100.0,100.0,100.0,100.0,100.0,17261.329339837022,5380743.578620627 
 07/02  18:00:00,22.246761458650739,21.56550036115201,21.00164508826746,22.182959449235278,21.4458645568223,100.0,100.0,55.0,100.0,100.0,14193.177885524801,5380743.578620627 
 07/02  19:00:00,21.655546256722866,21.20547856577974,20.728286212083785,21.61713869137385,21.121642211397015,100.0,100.0,0.0,100.0,100.0,11909.642928833073,5380743.578620627 
 07/02  20:00:00,21.30907152410446,21.015432709862574,20.507953295821268,21.291870461376918,20.95535948159019,100.0,65.0,0.0,100.0,20.0,9397.357364389381,5380743.578620627 
 07/02  21:00:00,20.941760494517817,20.781428581289494,20.306165834984289,20.928203179350889,20.74945552724489,30.0,0.0,0.0,25.0,0.0,7363.756067666478,5380743.578620627 
 07/02  22:00:00,21.395967879004286,21.370071648946273,20.99222190810756,21.39340872443541,21.35790300659454,95.0,90.0,55.0,95.0,87.5,6652.7553624921479,5111706.399689595 
 07/02  23:00:00,21.47655954830763,21.570363911309394,21.25054832282167,21.48184533149012,21.57110247197564,100.0,100.0,100.0,100.0,100.0,7291.209945264442,5380743.578620627 
 07/02  24:00:00,21.358972338762976,21.50739723975446,21.226932301587678,21.36545717805519,21.513543036765538,100.0,100.0,100.0,100.0,100.0,7259.5575461185339,5380743.578620627 
 07/03  01:00:00,21.217958285935859,21.410095409382018,21.153911388390705,21.225232073169747,21.42030478590587,100.0,100.0,100.0,100.0,100.0,7246.372988862681,5380743.578620627 
 07/03  02:00:00,21.16226057272169,21.357638360787456,21.085183424897318,21.167555497211088,21.368692872787237,100.0,100.0,100.0,100.0,100.0,7246.372988862681,5380743.578620627 
 07/03  03:00:00,21.096803436363115,21.301064634877485,21.02093503071049,21.10362459082311,21.31570807738344,100.0,100.0,85.0,100.0,100.0,7224.912554247328,5380743.578620627 
 07/03  04:00:00,21.039703253813827,21.247403558468194,20.9681524437253,21.04460484605652,21.262251528246588,100.0,100.0,0.0,100.0,100.0,7009.057313511587,5380743.578620627 
 07/03  05:00:00,20.965026051865189,21.18252139031885,20.94627776400999,20.97125941022756,21.200401505596543,25.0,100.0,0.0,30.0,100.0,5763.64600290899,5380743.578620627 
 07/03  06:00:00,20.88720793850444,21.091290673958626,20.922104372043628,20.897065413988487,21.112608479176946,0.0,100.0,0.0,0.0,100.0,5152.14889900344,5380743.578620627 
 07/03  07:00:00,20.955181613989376,21.071787137908698,20.93318523159903,20.987974479462677,21.092188344823858,20.0,100.0,0.0,35.0,100.0,5843.433450581556,5380743.578620627 
 07/03  08:00:00,20.223233535417366,20.163111834558039,20.146470049387824,20.289636671670814,20.18197501035312,2.5,5.0,0.0,5.0,5.0,7934.595349649602,5380743.578620627 
 07/03  09:00:00,20.826914640923925,20.683358828251316,20.119857523188999,20.91289595514468,20.735538944343284,30.0,0.0,0.0,40.0,10.0,8512.661952198625,5380743.578620627 
 07/03  10:00:00,21.46051079933617,21.243296881967909,20.362895510656935,21.503314216055764,21.266363617316107,100.0,100.0,0.0,100.0,100.0,14041.374831059653,5380743.578620627 
 07/03  11:00:00,21.78701698862201,21.53296290459432,20.60908971354435,21.766137459674753,21.493579923437584,100.0,100.0,0.0,100.0,100.0,15505.20878288832,5380743.578620627 
 07/03  12:00:00,22.044702972549066,21.744794247013674,20.787873630067979,21.95625994862565,21.63437581575604,100.0,100.0,0.0,100.0,100.0,16418.500283796184,5380743.578620627 
 07/03  13:00:00,22.285253544951666,21.9702341865057,21.018710544844006,22.158960196236884,21.822940697364279,100.0,100.0,50.0,100.0,100.0,17785.386415926485,5380743.578620627 
 07/03  14:00:00,22.464185949825866,22.122290036295959,21.17005624520059,22.312714057613058,21.942769835871954,100.0,100.0,100.0,100.0,100.0,19395.067036658602,5380743.578620627 
 07/03  15:00:00,22.679561341992938,22.169198130260989,21.201678754752469,22.51472669165744,21.963534641560665,100.0,100.0,100.0,100.0,100.0,19483.182798080627,5380743.578620627 
 07/03  16:00:00,22.847398280939055,22.108737274755997,21.227602443892829,22.71328124010681,21.925254963674257,100.0,100.0,100.0,100.0,100.0,17486.07848476257,5380743.578620627 
 07/03  17:00:00,22.750208997104378,21.889785924990947,21.159024176185019,22.664365228941536,21.75779536731593,100.0,100.0,100.0,100.0,100.0,15247.167677329926,5380743.578620627 
 07/03  18:00:00,22.13711249478849,21.437241165459679,20.926137533290665,22.085028894146736,21.34808948516157,100.0,100.0,30.0,100.0,100.0,13616.470036465795,5380743.578620627 
 07/03  19:00:00,21.644412983061224,21.149328692112705,20.692703036746964,21.614224224883029,21.086095668072326,100.0,100.0,0.0,100.0,100.0,12670.60966158802,5380743.578620627 
 07/03  20:00:00,21.325016774299486,20.980117214898806,20.494194673284139,21.31551818999657,20.942063502128876,100.0,45.0,0.0,100.0,15.0,9896.806911638023,5380743.578620627 
 07/03  21:00:00,20.914474196449825,20.729672144913097,20.290848148509136,20.9138890574788,20.717173353348519,25.0,0.0,0.0,25.0,0.0,7650.203748741862,5380743.578620627 
 07/03  22:00:00,21.40048278773515,21.34700962038713,20.988626008551344,21.410980193429635,21.35030010497496,90.0,87.5,55.0,90.0,87.5,6681.217793444883,4842669.220758564 
 07/03  23:00:00,21.52113406620918,21.586790911639793,21.26827942755641,21.5363935821594,21.597541031792529,100.0,100.0,100.0,100.0,100.0,7495.081876231734,5380743.578620627 
 07/03  24:00:00,21.365735629743843,21.506823366686825,21.243569791131955,21.381446808826554,21.52277247854021,100.0,100.0,100.0,100.0,100.0,7363.426260588989,5380743.578620627 
 07/04  01:00:00,21.22558878971406,21.40661494951393,21.16154424739377,21.242665725589516,21.42697639402694,100.0,100.0,100.0,100.0,100.0,7365.069463123878,5380743.578620627 
 07/04  02:00:00,21.15478396767368,21.33728274150898,21.0754586351484,21.173092098999317,21.361415874102954,100.0,100.0,100.0,100.0,100.0,7363.426260588989,5380743.578620627 
 07/04  03:00:00,21.10737322907842,21.289051818003359,21.01112059408125,21.121853526026194,21.31187858183839,100.0,100.0,70.0,100.0,100.0,7288.377376117847,5380743.578620627 
 07/04  04:00:00,20.99007613841028,21.19880538708989,20.95558168920299,21.00479219898212,21.226692688555884,25.0,100.0,0.0,55.0,100.0,6304.732901370642,5380743.578620627 
 07/04  05:00:00,20.959375645756177,21.131039353763418,20.92574124681507,20.959508200554585,21.160229826015696,0.0,100.0,0.0,0.0,100.0,5386.770255555342,5380743.578620627 
 07/04  06:00:00,20.923751896384084,21.054544421571469,20.904012317074338,20.92174379258103,21.085459173694099,0.0,100.0,0.0,0.0,100.0,5300.705738932066,5380743.578620627 
 07/04  07:00:00,21.07479022781387,21.087083002897648,20.934800914313667,21.088324411319364,21.12673404972785,65.0,100.0,0.0,70.0,100.0,6573.093117388309,5380743.578620627 
 07/04  08:00:00,20.407749551836785,20.241405452961098,20.167137073729429,20.417728184276866,20.26474044530744,10.0,5.0,0.0,10.0,10.0,7813.351292040973,5380743.578620627 
 07/04  09:00:00,20.39608831487844,20.096716074349894,20.009994615586469,20.392199830942809,20.09524383086312,0.0,0.0,0.0,0.0,0.0,7424.98874701771,5380743.578620627 
 07/04  10:00:00,20.741237779563215,20.333698985396489,20.102849825265204,20.69827523459141,20.28144352120499,0.0,0.0,0.0,0.0,0.0,7512.459123117801,5380743.578620627 
 07/04  11:00:00,21.258054820647627,20.732986481024818,20.305694324105106,21.158188350430259,20.606980852943634,90.0,0.0,0.0,75.0,0.0,8981.571413932294,5380743.578620627 
 07/04  12:00:00,21.647599298111538,21.076386640387754,20.503582426470638,21.49801351016972,20.88020504455349,100.0,75.0,0.0,100.0,0.0,11542.327540818409,5380743.578620627 
 07/04  13:00:00,21.828376531033507,21.25429960355228,20.675039011537405,21.64455829548436,21.045047893842008,100.0,100.0,0.0,100.0,75.0,14431.560840115428,5380743.578620627 
 07/04  14:00:00,21.945168461712396,21.345526215308877,20.80895189134426,21.745145264269455,21.13279280330622,100.0,100.0,0.0,100.0,100.0,15606.69817919753,5380743.578620627 
 07/04  15:00:00,22.166560025291017,21.41799016169374,20.922805615552638,21.97711373432537,21.21233418718726,100.0,100.0,0.0,100.0,100.0,15668.202720057263,5380743.578620627 
 07/04  16:00:00,22.57723050976118,21.41159752667391,21.039890084991794,22.433485894031386,21.244903360786738,100.0,100.0,80.0,100.0,100.0,16631.60781287263,5380743.578620627 
 07/04  17:00:00,22.84334882594778,21.336623666679438,21.096951932291256,22.757463033320968,21.228158658500285,100.0,100.0,100.0,100.0,100.0,17100.127033775916,5380743.578620627 
 07/04  18:00:00,22.57707357556223,21.151321985257874,21.004371308736404,22.525163859641006,21.08352910962703,100.0,100.0,60.0,100.0,90.0,15726.89137743769,5380743.578620627 
 07/04  19:00:00,21.853581844859457,20.874559307621209,20.773678876975443,21.835642488256135,20.857574056129907,100.0,10.0,0.0,100.0,0.0,9735.365195251306,5380743.578620627 
 07/04  20:00:00,21.220330889337128,20.630140661108535,20.533369046314648,21.21595649175972,20.632230369492647,95.0,0.0,0.0,95.0,0.0,7975.903647963243,5380743.578620627 
 07/04  21:00:00,20.792794722985556,20.43027794605129,20.361806161897559,20.79450969299763,20.442086670028219,0.0,0.0,0.0,0.0,0.0,7380.778676917629,5380743.578620627 
 07/04  22:00:00,21.53046820405107,21.367479869974774,21.065661260074476,21.53781463919606,21.390739416716057,90.0,82.5,65.0,90.0,82.5,6701.356975529113,4842669.220758564 
 07/04  23:00:00,21.649399311325717,21.68870526380846,21.350173544265429,21.664391998316959,21.723638225977078,100.0,100.0,100.0,100.0,100.0,8108.589155994763,5380743.578620627 
 07/04  24:00:00,21.497023240660118,21.61888774354459,21.32959014589438,21.512016533233877,21.65592018015423,100.0,100.0,100.0,100.0,100.0,7591.961368131281,5380743.578620627 
 07/05  01:00:00,21.38146968569966,21.540122312205097,21.262409043893439,21.39511419091021,21.576881000530415,100.0,100.0,100.0,100.0,100.0,7291.209945264442,5380743.578620627 
 07/05  02:00:00,21.25939198269829,21.45050084948426,21.18193366392027,21.274174551402149,21.488155513333675,100.0,100.0,100.0,100.0,100.0,7259.5575461185339,5380743.578620627 
 07/05  03:00:00,21.157561310272784,21.370052046623824,21.101758228242873,21.174370433038488,21.409009139806814,100.0,100.0,100.0,100.0,100.0,7246.372988862681,5380743.578620627 
 07/05  04:00:00,21.057673264067796,21.293807845944256,21.026755472253364,21.07427433147063,21.332189299456407,95.0,100.0,90.0,100.0,100.0,7219.18709354913,5380743.578620627 
 07/05  05:00:00,20.933031780817779,21.19218925214086,20.95373703555496,20.946858154371918,21.23159863328533,0.0,100.0,0.0,5.0,100.0,5762.557901323462,5380743.578620627 
 07/05  06:00:00,20.874258126385575,21.09462503919568,20.902408219710844,20.88586911155079,21.1345767847647,0.0,100.0,0.0,0.0,100.0,5337.966901875524,5380743.578620627 
 07/05  07:00:00,20.92183044391348,21.05930959246103,20.904654864405385,20.95865494155082,21.103299104094356,5.0,100.0,0.0,20.0,100.0,5541.145660381492,5380743.578620627 
 07/05  08:00:00,20.250605051986246,20.190061157850928,20.149531254234814,20.308669589641889,20.230016799863173,2.5,5.0,0.0,2.5,5.0,7702.192837840373,5380743.578620627 
 07/05  09:00:00,20.861691895733658,20.705376529330626,20.125824766689424,20.92077386925653,20.75136090035124,35.0,0.0,0.0,45.0,10.0,8498.827938784218,5380743.578620627 
 07/05  10:00:00,21.456553949995567,21.240271913992964,20.375425357046507,21.47079185793363,21.249820572560674,100.0,100.0,0.0,100.0,100.0,13722.844962986896,5380743.578620627 
 07/05  11:00:00,21.865731073708479,21.593670171207426,20.661706179886335,21.813040398834695,21.533913911833879,100.0,100.0,0.0,100.0,100.0,15167.987448257545,5380743.578620627 
 07/05  12:00:00,22.218030580887996,21.9007819360098,20.92547784437422,22.102640066959489,21.77405697317746,100.0,100.0,15.0,100.0,100.0,16565.713435135007,5380743.578620627 
 07/05  13:00:00,22.514751846418954,22.14947437855782,21.139836067333243,22.34594432399076,21.960159967796736,100.0,100.0,100.0,100.0,100.0,18665.579811783777,5380743.578620627 
 07/05  14:00:00,22.752737470912757,22.334128209402445,21.27863100959171,22.553167001366416,22.104684694467435,100.0,100.0,100.0,100.0,100.0,19747.187194102295,5380743.578620627 
 07/05  15:00:00,22.946077917026547,22.374815048991473,21.328995437111737,22.749411725372846,22.1352586027704,100.0,100.0,100.0,100.0,100.0,19707.156076725354,5380743.578620627 
 07/05  16:00:00,23.13506481541699,22.2922487290987,21.32293717973439,22.9811841046909,22.08693183100798,100.0,100.0,100.0,100.0,100.0,19714.47627253386,5380743.578620627 
 07/05  17:00:00,23.21264859705243,22.152848307359457,21.296912526514228,23.114258841475427,22.00466495540545,100.0,100.0,100.0,100.0,100.0,19527.8678627567,5380743.578620627 
 07/05  18:00:00,22.910141839532434,21.72216577587352,21.149951052288257,22.840565813149433,21.609878655500393,100.0,100.0,100.0,100.0,100.0,17592.470215745285,5380743.578620627 
 07/05  19:00:00,22.463237888964039,21.41670040334191,20.949495173391424,22.440886489585098,21.362800223613755,100.0,100.0,30.0,100.0,100.0,15322.412253799814,5380743.578620627 
 07/05  20:00:00,21.89859245224139,21.20463909296725,20.711439203419756,21.922471505715924,21.19295370119194,100.0,100.0,0.0,100.0,100.0,13737.304883270981,5380743.578620627 
 07/05  21:00:00,21.32805528371285,20.911297590460018,20.438708197394324,21.342711555633167,20.900574586089687,100.0,20.0,0.0,100.0,20.0,9890.58726816073,5380743.578620627 
 07/05  22:00:00,21.754183609522646,21.531849088170284,21.1110050623718,21.773108680690905,21.525159288083697,100.0,95.0,70.0,100.0,95.0,7717.667767879798,5380743.578620627 
 07/05  23:00:00,21.78392636568099,21.733481113686609,21.349777959043729,21.803767375968407,21.730261803753913,100.0,100.0,100.0,100.0,100.0,8024.263463220382,5380743.578620627 
 07/05  24:00:00,21.565682770862915,21.616372464933329,21.29864267347256,21.587663369406579,21.621581079990638,100.0,100.0,100.0,100.0,100.0,7457.843216198218,5380743.578620627 
 07/06  01:00:00,21.300805525538047,21.445391745267789,21.18792053383404,21.326065033329468,21.457530071822917,100.0,100.0,100.0,100.0,100.0,7347.914626219803,5380743.578620627 
 07/06  02:00:00,21.153939962076178,21.336169624103698,21.077842208055718,21.177194216025336,21.35085206593824,100.0,100.0,100.0,100.0,100.0,7327.926474900832,5380743.578620627 
 07/06  03:00:00,21.0306335087427,21.239421453232873,20.981098824761017,21.05261127911483,21.256522807084435,85.0,100.0,35.0,100.0,100.0,7019.73842463403,5380743.578620627 
 07/06  04:00:00,20.960833960049738,21.165252325952378,20.925744478851298,20.97384422607736,21.184368007469716,0.0,100.0,0.0,10.0,100.0,5679.336222211543,5380743.578620627 
 07/06  05:00:00,20.933829286422055,21.096975858669447,20.89959398741497,20.94063701030195,21.119222771553298,0.0,100.0,0.0,0.0,100.0,5192.624896537289,5380743.578620627 
 07/06  06:00:00,20.91155336533383,21.024626200406396,20.87575703863907,20.917868756182885,21.04852128049878,0.0,90.0,0.0,0.0,100.0,4805.955962115737,5380743.578620627 
 07/06  07:00:00,20.980842248864464,21.017637487390478,20.89080478599714,21.0059060736865,21.03234257611532,30.0,50.0,0.0,45.0,100.0,4815.959453049289,5380743.578620627 
 07/06  08:00:00,20.24587576439753,20.131660107786489,20.10647792406963,20.288280552689188,20.128734242768965,5.0,5.0,0.0,5.0,5.0,8116.355450793116,5380743.578620627 
 07/06  09:00:00,20.394584820390067,20.097147586246984,19.996414186861338,20.434789411166926,20.089794467609985,0.0,0.0,0.0,0.0,0.0,8051.146277857474,5380743.578620627 
 07/06  10:00:00,20.939995185171079,20.474304485341567,20.15268735380365,20.932179828339057,20.412598413899639,35.0,0.0,0.0,30.0,0.0,8736.882315055238,5380743.578620627 
 07/06  11:00:00,21.44699885966663,20.882024113171476,20.38564500786095,21.371759265718258,20.743569310471988,100.0,15.0,0.0,100.0,0.0,10270.59682505748,5380743.578620627 
 07/06  12:00:00,21.802574708832304,21.22021855252865,20.61848771214599,21.656799164784446,21.014708652686119,100.0,100.0,0.0,100.0,50.0,13991.18779460199,5380743.578620627 
 07/06  13:00:00,22.03487609045036,21.435857060436715,20.813540949789389,21.850617498748297,21.204598542532588,100.0,100.0,0.0,100.0,100.0,16168.921959051324,5380743.578620627 
 07/06  14:00:00,22.326485736700059,21.605087636639916,20.928424640496997,22.125872591605174,21.348178922951719,100.0,100.0,0.0,100.0,100.0,16676.202064954217,5380743.578620627 
 07/06  15:00:00,22.290669589493484,21.532737710941555,20.98520348613232,22.107958644245885,21.289931570282258,100.0,100.0,0.0,100.0,100.0,15595.778639282167,5380743.578620627 
 07/06  16:00:00,22.17304141031057,21.351014887544964,20.95331258455671,22.029682876535277,21.147909121595057,100.0,100.0,0.0,100.0,100.0,14644.347280363907,5380743.578620627 
 07/06  17:00:00,22.111229396044395,21.243949698507099,20.933812402214718,22.016952116776559,21.09364078627179,100.0,100.0,0.0,100.0,100.0,14372.487915920367,5380743.578620627 
 07/06  18:00:00,21.936110299744255,21.032102175458726,20.886298272651247,21.877648213939268,20.930228516729014,100.0,70.0,0.0,100.0,15.0,11344.676281999555,5380743.578620627 
 07/06  19:00:00,21.486452342309293,20.796889203826859,20.754806319274889,21.459635929332337,20.75740584115915,100.0,0.0,0.0,100.0,0.0,8962.8346230753,5380743.578620627 
 07/06  20:00:00,21.000375906760799,20.585336026062895,20.580562885344969,20.993746303321573,20.57083659312429,55.0,0.0,0.0,50.0,0.0,7884.316783567825,5380743.578620627 
 07/06  21:00:00,20.658037260375484,20.408270045357825,20.433467728969729,20.656503191316717,20.401542642227218,0.0,0.0,0.0,0.0,0.0,7443.401771641668,5380743.578620627 
 07/06  22:00:00,21.412599973138705,21.347841708684258,21.15752001352137,21.42260463841314,21.360597779860087,87.5,75.0,70.0,87.5,75.0,6736.380092537285,4708150.631293048 
 07/06  23:00:00,21.64688272821342,21.743871119177436,21.45799634684946,21.66275454700151,21.76658005048116,100.0,100.0,100.0,100.0,100.0,8743.218974499754,5380743.578620627 
 07/06  24:00:00,21.50031963634931,21.675163494649188,21.4443396921207,21.521297982811995,21.705675956547098,100.0,100.0,100.0,100.0,100.0,7908.759485172037,5380743.578620627 
 07/07  01:00:00,21.305102936711486,21.54215612811867,21.353644278292163,21.329700410631977,21.578208923414026,100.0,100.0,100.0,100.0,100.0,7408.024138078266,5380743.578620627 
 07/07  02:00:00,21.178632740143255,21.436693751329114,21.242437403012546,21.204251783995596,21.475521861395884,100.0,100.0,100.0,100.0,100.0,7365.069463123878,5380743.578620627 
 07/07  03:00:00,21.124569647641374,21.373435629268749,21.147895780788788,21.14893063960971,21.41301571604157,100.0,100.0,100.0,100.0,100.0,7380.778676917629,5380743.578620627 
 07/07  04:00:00,21.084929999520889,21.326118378905315,21.077204520793314,21.10558915981341,21.36345308757964,100.0,100.0,100.0,100.0,100.0,7363.426260588991,5380743.578620627 
 07/07  05:00:00,20.94993449293369,21.21829043851214,20.99341967890982,20.968975674638224,21.25885743650499,10.0,100.0,50.0,30.0,100.0,6496.46962149506,5380743.578620627 
 07/07  06:00:00,20.884651588555763,21.118839859422587,20.92342085940072,20.895422279677903,21.15824200651328,0.0,100.0,0.0,0.0,100.0,5580.501484903458,5380743.578620627 
 07/07  07:00:00,20.947427453741047,21.08602951012211,20.919811337432539,20.976261261695993,21.128615270127037,15.0,100.0,0.0,30.0,100.0,6011.01108853469,5380743.578620627 
 07/07  08:00:00,20.26321905859745,20.199994665803428,20.13930927772459,20.291348423661927,20.230227528984238,2.5,5.0,0.0,5.0,5.0,7568.83450229603,5380743.578620627 
 07/07  09:00:00,20.372663377919907,20.133413102113275,20.011902177692133,20.388527954305279,20.147872627145863,0.0,0.0,0.0,0.0,0.0,7343.1863598356899,5380743.578620627 
 07/07  10:00:00,20.733920513519857,20.374940732535018,20.10469122564797,20.710995856972074,20.349178638095617,0.0,0.0,0.0,0.0,0.0,7426.51898278572,5380743.578620627 
 07/07  11:00:00,21.023665979720609,20.569491907795599,20.194001688166133,20.949679060934213,20.486433872286363,50.0,0.0,0.0,25.0,0.0,8519.354947434016,5380743.578620627 
 07/07  12:00:00,21.386262631259336,20.871066336791907,20.329083195560416,21.263551146224839,20.713650725538849,100.0,5.0,0.0,100.0,0.0,9760.961641363381,5380743.578620627 
 07/07  13:00:00,21.74099479540703,21.20812825343876,20.53254537886193,21.568318140978229,20.98942996865675,100.0,100.0,0.0,100.0,45.0,13137.21547622565,5380743.578620627 
 07/07  14:00:00,21.969972689551275,21.410591689644336,20.731955263682143,21.773273691464018,21.180987960531966,100.0,100.0,0.0,100.0,100.0,15460.34043023713,5380743.578620627 
 07/07  15:00:00,22.211724791848125,21.484554035995055,20.880852824383397,22.02320023571638,21.26144725711844,100.0,100.0,0.0,100.0,100.0,15953.107888849752,5380743.578620627 
 07/07  16:00:00,22.465005204713198,21.46465968592588,20.985813857947638,22.319308416214449,21.276896171975769,100.0,100.0,0.0,100.0,100.0,15863.530901209999,5380743.578620627 
 07/07  17:00:00,22.379757174759278,21.348958267012056,20.97659902686661,22.28749161829385,21.216146784674515,100.0,100.0,0.0,100.0,100.0,15275.551812054298,5380743.578620627 
 07/07  18:00:00,21.949555662462755,21.106483125630864,20.872913556518414,21.892996543341789,21.01987305376117,100.0,90.0,0.0,100.0,60.0,13015.053255238887,5380743.578620627 
 07/07  19:00:00,21.52490431629882,20.82507842731212,20.72101718002916,21.50179023044485,20.7896680522276,100.0,0.0,0.0,100.0,0.0,8917.41314558169,5380743.578620627 
 07/07  20:00:00,21.10360909203353,20.6145533907705,20.57236588511657,21.115730986410918,20.6110677053234,75.0,0.0,0.0,75.0,0.0,8246.475890984651,5380743.578620627 
 07/07  21:00:00,20.736131116259153,20.453422596559155,20.42554166507371,20.73907613552226,20.45355633079086,0.0,0.0,0.0,0.0,0.0,7469.849415643538,5380743.578620627 
 07/07  22:00:00,21.458018058593877,21.378905654097154,21.14582161935533,21.46812687174541,21.396183144843538,90.0,82.5,70.0,90.0,82.5,7089.404728720139,4842669.220758564 
 07/07  23:00:00,21.642915268170904,21.736076205344774,21.43323284471619,21.65699278769274,21.76371106464095,100.0,100.0,100.0,100.0,100.0,8677.449914328701,5380743.578620627 
 07/07  24:00:00,21.55448674826892,21.70059394017656,21.422844848391305,21.568532955160973,21.730515890475446,100.0,100.0,100.0,100.0,100.0,8111.288271455213,5380743.578620627 
