Date/Time,CORNER_CLASS_1_POD_1_ZN_1_FLR_1:Zone Mean Air Temperature [C](Hourly),MULT_CLASS_1_POD_1_ZN_1_FLR_1:Zone Mean Air Temperature [C](Hourly),CORRIDOR_POD_1_ZN_1_FLR_1:Zone Mean Air Temperature [C](Hourly),CORNER_CLASS_2_POD_1_ZN_1_FLR_1:Zone Mean Air Temperature [C](Hourly),MULT_CLASS_2_POD_1_ZN_1_FLR_1:Zone Mean Air Temperature [C](Hourly),CORNER_CLASS_1_POD_1_ZN_1_FLR_1_LOTEMP:Zone Radiant HVAC Pump Electric Power [W](Hourly),MULT_CLASS_1_POD_1_ZN_1_FLR_1_LOTEMP:Zone Radiant HVAC Pump Electric Power [W](Hourly),CORRIDOR_POD_1_ZN_1_FLR_1_LOTEMP:Zone Radiant HVAC Pump Electric Power [W](Hourly),CORNER_CLASS_2_POD_1_ZN_1_FLR_1_LOTEMP:Zone Radiant HVAC Pump Electric Power [W](Hourly),MULT_CLASS_2_POD_1_ZN_1_FLR_1_LOTEMP:Zone Radiant HVAC Pump Electric Power [W](Hourly),HP_RADSYS:Heat Pump Electric Power [W](Hourly),HOT WATER LOOP HW SUPPLY PUMP2:Pump Electric Energy [J](Hourly) 
 07/23  01:00:00,33.76487939834725,32.93444867936326,32.59622073853177,33.08631719124278,32.191003052482347,0.0,0.0,0.0,0.0,0.0,0.0,0.0 
 07/23  02:00:00,33.520745510306728,32.754626077466429,32.495775530120017,32.853069401812387,32.03715206125978,0.0,0.0,0.0,0.0,0.0,0.0,0.0 
 07/23  03:00:00,33.38165299014491,32.64228295131972,32.39528734740987,32.726500793777777,31.946887668830777,0.0,0.0,0.0,0.0,0.0,0.0,0.0 
 07/23  04:00:00,33.258437507333479,32.566113950780678,32.307995039083518,32.61854852880783,31.885678308332957,0.0,0.0,0.0,0.0,0.0,0.0,0.0 
 07/23  05:00:00,33.06289121000436,32.43128258434824,32.22321727893406,32.43610900222279,31.768253294739787,0.0,0.0,0.0,0.0,0.0,0.0,0.0 
 07/23  06:00:00,32.964668030184757,32.358627123486488,32.165023363365659,32.348387903064338,31.706359328876706,0.0,0.0,0.0,0.0,0.0,0.0,0.0 
 07/23  07:00:00,32.927893836989159,32.352229144873458,32.173293806170978,32.328369789008387,31.710742306265297,0.0,0.0,0.0,0.0,0.0,0.0,0.0 
 07/23  08:00:00,33.007046644981027,32.4540989987775,32.238802984030979,32.40355357480005,31.809625886467058,0.0,0.0,0.0,0.0,0.0,0.0,0.0 
 07/23  09:00:00,33.332165762907987,32.73166847043092,32.35104871241241,32.71015143179304,32.04442283788223,0.0,0.0,0.0,0.0,0.0,0.0,0.0 
 07/23  10:00:00,33.74681609530988,33.058286556312797,32.52746460920976,33.09398683441468,32.32256539618188,0.0,0.0,0.0,0.0,0.0,0.0,0.0 
 07/23  11:00:00,34.206045849829319,33.436564612996537,32.775859914040029,33.519141088684467,32.655836555457309,0.0,0.0,0.0,0.0,0.0,0.0,0.0 
 07/23  12:00:00,34.639110758806108,33.83119198827522,32.99224420028853,33.80436873724061,32.89043843085042,0.0,0.0,0.0,0.0,0.0,0.0,0.0 
 07/23  13:00:00,35.01892237622102,34.16383727754066,33.18287151509537,34.05737316259478,33.083554082981027,0.0,0.0,0.0,0.0,0.0,0.0,0.0 
 07/23  14:00:00,35.3511167826393,34.4148525169165,33.357111233821338,34.32687618889041,33.25916588905561,0.0,0.0,0.0,0.0,0.0,0.0,0.0 
 07/23  15:00:00,35.77791203812418,34.51431472545594,33.52449005906383,34.7510217796043,33.342135792419018,0.0,0.0,0.0,0.0,0.0,0.0,0.0 
 07/23  16:00:00,36.270531553043117,34.528558248242088,33.659898192741227,35.260602184203197,33.35637443410816,0.0,0.0,0.0,0.0,0.0,0.0,0.0 
 07/23  17:00:00,36.46567953521035,34.41268308297733,33.713781909088407,35.51794674304068,33.30406830750824,0.0,0.0,0.0,0.0,0.0,0.0,0.0 
 07/23  18:00:00,36.241817058340668,34.16879008265289,33.66409685124302,35.38843833629564,33.16326722614824,0.0,0.0,0.0,0.0,0.0,0.0,0.0 
 07/23  19:00:00,35.65698107206985,33.886859682677229,33.50235428352069,34.855779516517149,32.96365271456297,0.0,0.0,0.0,0.0,0.0,0.0,0.0 
 07/23  20:00:00,34.95180054831923,33.578929463612599,33.25428623762544,34.21409817822966,32.7269136177053,0.0,0.0,0.0,0.0,0.0,0.0,0.0 
 07/23  21:00:00,34.45806902281247,33.336246991315018,33.03051624412077,33.73506765685499,32.52284999534924,0.0,0.0,0.0,0.0,0.0,0.0,0.0 
 07/23  22:00:00,34.26169928052805,33.2352918444621,32.88341586132897,33.54388906944024,32.438110468243589,0.0,0.0,0.0,0.0,0.0,0.0,0.0 
 07/23  23:00:00,34.10838433932686,33.15103012249878,32.77890056979349,33.4024648137803,32.36954031673166,0.0,0.0,0.0,0.0,0.0,0.0,0.0 
 07/23  24:00:00,33.96559573970936,33.06682826445679,32.69411321465841,33.272830062384958,32.303060973580979,0.0,0.0,0.0,0.0,0.0,0.0,0.0 
 07/24  01:00:00,33.82919511274531,32.98405104316787,32.62070942645606,33.150491212547517,32.23912233637498,0.0,0.0,0.0,0.0,0.0,0.0,0.0 
 07/24  02:00:00,33.67391376203504,32.88252352007764,32.542890893821887,33.010704664294809,32.15899854682938,0.0,0.0,0.0,0.0,0.0,0.0,0.0 
 07/24  03:00:00,33.483777275231897,32.754424601582147,32.4634604033236,32.837404957107839,32.05449799491933,0.0,0.0,0.0,0.0,0.0,0.0,0.0 
 07/24  04:00:00,33.30436249850188,32.628457425306617,32.38853902447012,32.673551546660338,31.95373003216493,0.0,0.0,0.0,0.0,0.0,0.0,0.0 
 07/24  05:00:00,33.171657960215757,32.53440135224234,32.31354442173448,32.55370462930918,31.87874366915212,0.0,0.0,0.0,0.0,0.0,0.0,0.0 
 07/24  06:00:00,33.109689753120587,32.47684844140797,32.25956601959637,32.50960014113032,31.829765238602695,0.0,0.0,0.0,0.0,0.0,0.0,0.0 
 07/24  07:00:00,29.067015670480637,29.32140128625544,30.171616342369693,28.842597105080097,28.87776925295596,100.0,100.0,100.0,100.0,100.0,0.0,0.0 
 07/24  08:00:00,27.8112204207226,28.420216056342896,29.259661080937446,27.7087920244633,28.07994896782039,100.0,100.0,100.0,100.0,100.0,0.0,0.0 
 07/24  09:00:00,27.02757024392625,27.874562837848737,28.665916970169179,26.959512920034287,27.56861080468555,100.0,100.0,100.0,100.0,100.0,0.0,0.0 
 07/24  10:00:00,26.35348619316155,27.364079796050043,28.152769117962504,26.317119077993636,27.098936460341969,100.0,100.0,100.0,100.0,100.0,0.0,0.0 
 07/24  11:00:00,25.790036476545347,26.928583096049409,27.679643683253006,25.74872795496389,26.667048989424587,100.0,100.0,100.0,100.0,100.0,0.0,0.0 
 07/24  12:00:00,25.303900476824635,26.553321755927035,27.222040520671169,25.215364931543684,26.24299835121885,100.0,100.0,100.0,100.0,100.0,0.0,0.0 
 07/24  13:00:00,24.807043834831434,26.136366777339867,26.749943320691228,24.68499805237806,25.78743011041404,100.0,100.0,100.0,100.0,100.0,0.0,0.0 
 07/24  14:00:00,24.32453753356362,25.66560011485605,26.255787216226318,24.200355639863564,25.31060815387378,100.0,100.0,100.0,100.0,100.0,0.0,0.0 
 07/24  15:00:00,24.02486837325751,25.095948643000957,25.717708696756274,24.001165648645679,24.76095463178427,100.0,100.0,100.0,100.0,100.0,0.0,0.0 
 07/24  16:00:00,23.999486756683767,24.317966329198144,25.05168752646258,23.999514527240089,24.124361475041736,100.0,100.0,100.0,100.0,100.0,0.0,0.0 
 07/24  17:00:00,23.999662700460588,23.99974999613249,24.399863458160597,23.999680787531657,23.9997732578858,100.0,100.0,100.0,100.0,100.0,0.0,0.0 
 07/24  18:00:00,23.991051687158256,23.999788765770388,24.010848748954368,23.98165049456582,23.99980151686527,100.0,100.0,100.0,100.0,100.0,0.0,0.0 
 07/24  19:00:00,23.697859504929757,23.999363623372799,23.995476187114375,23.6716172553254,23.999489387326233,100.0,100.0,100.0,100.0,100.0,0.0,0.0 
 07/24  20:00:00,23.14976500494668,23.733773470373984,23.726229825156986,23.15169931483916,23.753993285747389,80.0,100.0,100.0,80.0,100.0,0.0,0.0 
 07/24  21:00:00,23.63617029954492,24.389700450731405,24.4306153012247,23.65990843366378,24.467445085932657,0.0,0.0,0.0,0.0,0.0,0.0,0.0 
 07/24  22:00:00,23.72366017789138,24.60269238663833,24.604732854393775,23.764946179112969,24.73046732732227,0.0,0.0,0.0,0.0,0.0,0.0,0.0 
 07/24  23:00:00,23.64281473541407,24.560244385776565,24.559948377668218,23.69341440261772,24.7038329006588,0.0,0.0,0.0,0.0,0.0,0.0,0.0 
 07/24  24:00:00,23.636138662884599,24.552402072155095,24.509539855890187,23.6987857229543,24.69266875558203,0.0,0.0,0.0,0.0,0.0,0.0,0.0 
 07/25  01:00:00,23.599408044187976,24.519796658989379,24.462307078854843,23.66465865904853,24.66056111384192,0.0,0.0,0.0,0.0,0.0,0.0,0.0 
 07/25  02:00:00,23.598052251111534,24.505287500713693,24.42412611490885,23.661124421563657,24.64626538083223,0.0,0.0,0.0,0.0,0.0,0.0,0.0 
 07/25  03:00:00,23.612279878260787,24.498191713180228,24.394019855933995,23.67434091661513,24.64041957162292,0.0,0.0,0.0,0.0,0.0,0.0,0.0 
 07/25  04:00:00,23.611616037386847,24.48076789112837,24.36329719479812,23.676684990563815,24.6271442981292,0.0,0.0,0.0,0.0,0.0,0.0,0.0 
 07/25  05:00:00,23.56301163340678,24.444002968956519,24.329780059708989,23.634196191605694,24.59594137024028,0.0,0.0,0.0,0.0,0.0,0.0,0.0 
 07/25  06:00:00,23.58286183679407,24.43780155719296,24.31384133900637,23.655707235896608,24.59017653145248,0.0,0.0,0.0,0.0,0.0,0.0,0.0 
 07/25  07:00:00,22.3902073713378,22.969664792319713,23.118753862670994,22.467151573524054,23.104605423520778,10.0,35.0,55.0,10.0,45.0,0.0,0.0 
 07/25  08:00:00,22.719969938163353,23.129120257805835,22.840711130432959,22.778295711233825,23.222999388842309,0.0,75.0,0.0,5.0,80.0,0.0,0.0 
 07/25  09:00:00,23.24392241867735,23.43811604470293,22.91627718318643,23.22801278520351,23.459253261482038,95.0,100.0,0.0,100.0,100.0,0.0,0.0 
 07/25  10:00:00,23.569255868719915,23.62523705952631,23.05981104730207,23.490518375784398,23.597848112201978,100.0,100.0,95.0,100.0,100.0,0.0,0.0 
 07/25  11:00:00,23.770639331875566,23.768150136720835,23.121430512516829,23.610481161116718,23.66201337275638,100.0,100.0,100.0,100.0,100.0,0.0,0.0 
 07/25  12:00:00,23.893681707830017,23.87962321212405,23.13638376804256,23.628300576987625,23.66372613757303,100.0,100.0,100.0,100.0,100.0,0.0,0.0 
 07/25  13:00:00,23.949307341546075,23.922268295172907,23.09570046596462,23.59950563561913,23.611057753258526,100.0,100.0,100.0,100.0,100.0,0.0,0.0 
 07/25  14:00:00,23.905502302686906,23.83317846201982,23.018012149686038,23.55250122137108,23.511075430316575,100.0,100.0,75.0,100.0,100.0,0.0,0.0 
 07/25  15:00:00,23.98618231839955,23.70172787775916,22.96907448868955,23.734554252587434,23.4169759633812,100.0,100.0,0.0,100.0,100.0,0.0,0.0 
 07/25  16:00:00,23.99117681542682,23.512943162726434,22.94395210806617,23.8506090187968,23.272307622268273,100.0,100.0,0.0,100.0,100.0,0.0,0.0 
 07/25  17:00:00,23.343213604810019,22.91372256600774,22.718549498908556,23.21070075623868,22.788276732731299,95.0,35.0,0.0,80.0,15.0,0.0,0.0 
 07/25  18:00:00,22.605778207048738,22.491901811743394,22.40781324690931,22.57269488702581,22.47771710201315,0.0,0.0,0.0,0.0,0.0,0.0,0.0 
 07/25  19:00:00,22.225073665577669,22.26921445387984,22.16088326527532,22.249542315622539,22.304553052479045,0.0,0.0,0.0,0.0,0.0,0.0,0.0 
 07/25  20:00:00,21.852464536283237,21.998733647527055,21.92539005276189,21.904494537411457,22.05680519418931,0.0,0.0,0.0,0.0,0.0,0.0,0.0 
 07/25  21:00:00,22.491447574986478,22.769620745352979,22.724655060001945,22.57597298855329,22.869886733516688,0.0,0.0,0.0,0.0,0.0,0.0,0.0 
 07/25  22:00:00,22.915436964328117,23.23117369551147,23.08023237211654,23.019740677589444,23.358359359717324,0.0,0.0,0.0,0.0,0.0,0.0,0.0 
 07/25  23:00:00,22.953024654660479,23.293766255574693,23.164446180650097,23.05945558765122,23.42554037584179,0.0,0.0,0.0,0.0,0.0,0.0,0.0 
 07/25  24:00:00,22.996285626569287,23.33934158273789,23.207112691957588,23.101022236660037,23.47124786660174,0.0,0.0,0.0,0.0,0.0,0.0,0.0 
 07/26  01:00:00,23.016164504277545,23.36711011275877,23.233951895452713,23.126405136736986,23.505098981530037,0.0,0.0,0.0,0.0,0.0,0.0,0.0 
 07/26  02:00:00,22.915788503935727,23.32171497157734,23.239682632364969,23.033803431276835,23.467316782192275,0.0,0.0,0.0,0.0,0.0,0.0,0.0 
 07/26  03:00:00,22.791574463899527,23.25403483883755,23.215945524396657,22.91024417820915,23.401451120590587,0.0,0.0,0.0,0.0,0.0,0.0,0.0 
 07/26  04:00:00,22.74599078939979,23.22696331790586,23.18830454443788,22.865599891627477,23.376267194644549,0.0,0.0,0.0,0.0,0.0,0.0,0.0 
 07/26  05:00:00,22.682464869369587,23.178165038016365,23.149345862919807,22.802757980824123,23.33215876401442,0.0,0.0,0.0,0.0,0.0,0.0,0.0 
 07/26  06:00:00,22.69058871346451,23.168312394009886,23.13177620568262,22.81983693110136,23.32252457877302,0.0,0.0,0.0,0.0,0.0,0.0,0.0 
 07/26  07:00:00,21.677760068265333,21.976527356985949,22.13482926934168,21.815948082936076,22.12256187473212,0.0,5.0,5.0,0.0,10.0,0.0,0.0 
 07/26  08:00:00,22.133066959359824,22.315719515087257,21.991024219187105,22.250545155665799,22.434643249686216,0.0,0.0,0.0,0.0,0.0,0.0,0.0 
 07/26  09:00:00,22.716684712216435,22.81300999430861,22.14469625006752,22.758141377561939,22.851396506523544,0.0,0.0,0.0,0.0,0.0,0.0,0.0 
 07/26  10:00:00,23.08761842460648,23.098625378131865,22.32302490891533,23.07578975089673,23.083767371939638,85.0,95.0,0.0,85.0,95.0,0.0,0.0 
 07/26  11:00:00,23.038223049730715,23.0485957990282,22.37806336782054,23.01867839512344,23.031911289732017,75.0,80.0,0.0,65.0,75.0,0.0,0.0 
 07/26  12:00:00,22.87426105549966,22.937392799107795,22.378836823088169,22.885410948824949,22.939055865326517,0.0,0.0,0.0,0.0,0.0,0.0,0.0 
 07/26  13:00:00,23.030483774653903,23.059111002013588,22.428679272561618,23.01084270216227,23.026417312487984,55.0,80.0,0.0,50.0,70.0,0.0,0.0 
 07/26  14:00:00,23.250086980402107,23.15636340451774,22.519704911678966,23.154602268640106,23.05943626639663,100.0,100.0,0.0,100.0,100.0,0.0,0.0 
 07/26  15:00:00,23.36958552086769,23.116181527870219,22.6023413684242,23.25673604356841,23.004370063796025,100.0,100.0,0.0,100.0,60.0,0.0,0.0 
 07/26  16:00:00,23.411661303312568,22.997045074860226,22.641273047116287,23.321450228402577,22.976025481484578,100.0,55.0,0.0,100.0,0.0,0.0,0.0 
 07/26  17:00:00,23.109458043565167,22.608151801144645,22.574656174149998,23.076909824057688,22.711169669406499,85.0,0.0,0.0,80.0,0.0,0.0,0.0 
 07/26  18:00:00,22.964475751367265,22.350179937786458,22.47514490877319,22.995850160620586,22.533574487210414,0.0,0.0,0.0,55.0,0.0,0.0,0.0 
 07/26  19:00:00,22.64883571913072,22.183496922123564,22.336953223011258,22.653851503825004,22.42158685419939,0.0,0.0,0.0,0.0,0.0,0.0,0.0 
 07/26  20:00:00,22.129273225075957,21.954747315023427,22.107610155060479,22.156224754001678,22.225715205897808,0.0,0.0,0.0,0.0,0.0,0.0,0.0 
 07/26  21:00:00,22.562758173949754,22.668590289416025,22.849843827950914,22.583147837672617,23.00072830568278,0.0,0.0,0.0,0.0,0.0,0.0,0.0 
 07/26  22:00:00,22.67533246559052,22.968014441251026,23.11804762824415,22.695842321005949,23.33078529669169,0.0,0.0,0.0,0.0,0.0,0.0,0.0 
 07/26  23:00:00,22.64544456490485,22.993432367672125,23.146471703970769,22.666155703905074,23.35936118411635,0.0,0.0,0.0,0.0,0.0,0.0,0.0 
 07/26  24:00:00,22.60912176182014,22.993249237167239,23.14894958850895,22.63126852874616,23.36095255425166,0.0,0.0,0.0,0.0,0.0,0.0,0.0 
 07/27  01:00:00,22.592407588557795,22.998658275483057,23.145209007074607,22.619268684529517,23.368694786401357,0.0,0.0,0.0,0.0,0.0,0.0,0.0 
 07/27  02:00:00,22.5778480309931,23.007032023686443,23.14545889480898,22.6121328279036,23.380244308969098,0.0,0.0,0.0,0.0,0.0,0.0,0.0 
 07/27  03:00:00,22.56891326342308,23.017388994184917,23.145983111882957,22.60724184157813,23.390198236881014,0.0,0.0,0.0,0.0,0.0,0.0,0.0 
 07/27  04:00:00,22.539147648395756,23.012936940688279,23.142047477417838,22.58213685455395,23.385622344528256,0.0,0.0,0.0,0.0,0.0,0.0,0.0 
 07/27  05:00:00,22.44008013874897,22.961753937940747,23.116662242453335,22.487861299025288,23.337074130858939,0.0,0.0,0.0,0.0,0.0,0.0,0.0 
 07/27  06:00:00,22.406706422297927,22.9334129131448,23.09328121793205,22.46422227939916,23.30627408765006,0.0,0.0,0.0,0.0,0.0,0.0,0.0 
 07/27  07:00:00,21.540008148508816,21.91570975494232,22.216772440492727,21.621915605375127,22.247263718643617,0.0,0.0,3.333333333333333,0.0,4.999999999999999,0.0,0.0 
 07/27  08:00:00,21.915023465711895,22.18790426927606,22.050667421866856,21.985973949789455,22.475823557739728,0.0,0.0,0.0,0.0,0.0,0.0,0.0 
 07/27  09:00:00,22.471584142575137,22.6717949521618,22.178215900578054,22.468491026951609,22.862634368680923,0.0,0.0,0.0,0.0,0.0,0.0,0.0 
 07/27  10:00:00,22.910924154533477,23.003970660480698,22.35615152031763,22.845292438403953,23.11063985886466,25.0,45.0,0.0,5.0,95.0,0.0,0.0 
 07/27  11:00:00,23.299361089329019,23.280926665706823,22.539810582474105,23.166431567621623,23.228546948802827,100.0,100.0,0.0,100.0,100.0,0.0,0.0 
 07/27  12:00:00,23.461394594239367,23.43903952696408,22.6938537995971,23.237849853181566,23.252450143777247,100.0,100.0,0.0,100.0,100.0,0.0,0.0 
 07/27  13:00:00,23.496370080805258,23.489065302004737,22.774237933713775,23.192551636697496,23.197138340101156,100.0,100.0,0.0,100.0,100.0,0.0,0.0 
 07/27  14:00:00,23.474283951597898,23.42826923490677,22.812780360983547,23.161919790543135,23.117296291382286,100.0,100.0,0.0,100.0,100.0,0.0,0.0 
 07/27  15:00:00,23.654331736970357,23.324284414647626,22.880533693655115,23.385010412180855,23.046690180212307,100.0,100.0,0.0,100.0,100.0,0.0,0.0 
 07/27  16:00:00,23.87198152496,23.184393253268614,22.93935633524513,23.650959244323454,22.960057600281407,100.0,100.0,0.0,100.0,10.0,0.0,0.0 
 07/27  17:00:00,23.511310490952618,22.702878121589703,22.848659336482755,23.381190348081579,22.658590728666014,100.0,10.0,0.0,100.0,0.0,0.0,0.0 
 07/27  18:00:00,22.946361423995346,22.36798800294223,22.66635296491305,22.915286397417125,22.451773948283216,45.0,0.0,0.0,40.0,0.0,0.0,0.0 
 07/27  19:00:00,22.397634623534104,22.126287090190613,22.449120737054455,22.437008179509936,22.277448706324333,0.0,0.0,0.0,0.0,0.0,0.0,0.0 
 07/27  20:00:00,21.86705713314345,21.86801350961234,22.202834310345258,21.953759049109804,22.058987238895953,0.0,0.0,0.0,0.0,0.0,0.0,0.0 
 07/27  21:00:00,22.17403281524057,22.48419944158521,22.905435219376863,22.290709335295067,22.739146333348299,0.0,0.0,0.0,0.0,0.0,0.0,0.0 
 07/27  22:00:00,22.23533225038701,22.745312326935154,23.118496847140116,22.377429530708477,23.032444422106026,0.0,0.0,0.0,0.0,0.0,0.0,0.0 
 07/27  23:00:00,22.17797348105757,22.745215482675414,23.119690232339033,22.322413670693618,23.038381580675599,0.0,0.0,0.0,0.0,0.0,0.0,0.0 
 07/27  24:00:00,22.13401714117631,22.733383069521588,23.101356544456555,22.278135452527598,23.031834123154885,0.0,0.0,0.0,0.0,0.0,0.0,0.0 
 07/28  01:00:00,22.091626299750318,22.717026382495559,23.074739917392,22.236885337634069,23.019041124150808,0.0,0.0,0.0,0.0,0.0,0.0,0.0 
 07/28  02:00:00,22.06169193555685,22.70658399229154,23.048953002778739,22.210344837685989,23.01236423803973,0.0,0.0,0.0,0.0,0.0,0.0,0.0 
 07/28  03:00:00,22.020159835204465,22.688536574594658,23.021869798850145,22.17732444244963,23.001059962706355,0.0,0.0,0.0,0.0,0.0,0.0,0.0 
 07/28  04:00:00,22.011662117132997,22.692027574289186,23.00375749562376,22.170324402080646,23.003941487044139,0.0,0.0,0.0,0.0,0.0,0.0,0.0 
 07/28  05:00:00,22.010779831802556,22.70328401084312,22.99400081019023,22.171476747593827,23.015174846659798,0.0,0.0,0.0,0.0,0.0,0.0,0.0 
 07/28  06:00:00,22.036972494238289,22.71693458563887,22.99501109901572,22.205681524047554,23.023700061929174,0.0,0.0,0.0,0.0,0.0,0.0,0.0 
 07/28  07:00:00,21.171573347739959,21.662542274987908,22.09454168590321,21.35731267658987,21.939897146130268,0.0,0.0,1.6666666666666666,0.0,3.333333333333333,0.0,0.0 
 07/28  08:00:00,21.64505644459256,22.040723429582486,21.986222273385704,21.815117694341219,22.29982647045997,0.0,0.0,0.0,0.0,0.0,0.0,0.0 
 07/28  09:00:00,22.14338400653982,22.478629054905587,22.108543106954323,22.24496199078113,22.67448715323055,0.0,0.0,0.0,0.0,0.0,0.0,0.0 
 07/28  10:00:00,22.50863555282025,22.755419660173275,22.268379814464646,22.57553862719079,22.92367311479793,0.0,0.0,0.0,0.0,10.0,0.0,0.0 
 07/28  11:00:00,22.990266325453129,23.113534240149226,22.439806491401457,22.947061042064399,23.12493284225713,45.0,70.0,0.0,35.0,100.0,0.0,0.0 
 07/28  12:00:00,23.371312370292537,23.39111038283147,22.610319953487776,23.202364918406574,23.210477270970907,100.0,100.0,0.0,100.0,100.0,0.0,0.0 
 07/28  13:00:00,23.47511917565049,23.47793749258195,22.746021078788134,23.236757311175159,23.21741496127034,100.0,100.0,0.0,100.0,100.0,0.0,0.0 
 07/28  14:00:00,23.514851872501745,23.489018104411806,22.843213882068008,23.244500625231724,23.192699551632726,100.0,100.0,0.0,100.0,100.0,0.0,0.0 
 07/28  15:00:00,23.713121014527109,23.371655296391304,22.928937879236224,23.472713667690205,23.09800550623031,100.0,100.0,0.0,100.0,100.0,0.0,0.0 
 07/28  16:00:00,23.847705751343228,23.192136353171553,22.952571463117854,23.639463388387193,22.9482766728917,100.0,100.0,0.0,100.0,20.0,0.0,0.0 
 07/28  17:00:00,23.43221460305906,22.659040196754906,22.818561524239077,23.308636655209399,22.584091729753387,100.0,10.0,0.0,100.0,0.0,0.0,0.0 
 07/28  18:00:00,22.76957350510488,22.311096597687408,22.59842829895277,22.735813202236323,22.361974075101764,20.0,0.0,0.0,15.0,0.0,0.0,0.0 
 07/28  19:00:00,22.335956090756047,22.097283770670864,22.391577045498548,22.35560458562785,22.211493162622376,0.0,0.0,0.0,0.0,0.0,0.0,0.0 
 07/28  20:00:00,21.89671303735681,21.85192501862047,22.16453870251247,21.96817424667138,22.014964469441816,0.0,0.0,0.0,0.0,0.0,0.0,0.0 
 07/28  21:00:00,22.268588868001865,22.512758328374664,22.89572180490626,22.373758966191283,22.743186393138726,0.0,0.0,0.0,0.0,0.0,0.0,0.0 
 07/28  22:00:00,22.386392707096037,22.80112332110399,23.12668173970538,22.511086803749664,23.06408566879253,0.0,0.0,0.0,0.0,0.0,0.0,0.0 
 07/28  23:00:00,22.30371662802009,22.78871483231773,23.132439960497338,22.43227864001163,23.05957089532629,0.0,0.0,0.0,0.0,0.0,0.0,0.0 
 07/28  24:00:00,22.22407577126111,22.754116962736697,23.110751902623549,22.355216536132127,23.030362139044276,0.0,0.0,0.0,0.0,0.0,0.0,0.0 
 07/29  01:00:00,22.109779924596777,22.69552125373417,23.07264737198905,22.244361302674418,22.977340908889894,0.0,0.0,0.0,0.0,0.0,0.0,0.0 
 07/29  02:00:00,21.989481879850719,22.62954170073008,23.022534583610676,22.12830014655643,22.916617939241968,0.0,0.0,0.0,0.0,0.0,0.0,0.0 
 07/29  03:00:00,21.86207113875699,22.55410303049113,22.96485089377616,22.003797936406607,22.845000457642319,0.0,0.0,0.0,0.0,0.0,0.0,0.0 
 07/29  04:00:00,21.738185485000309,22.47834804899391,22.905392695416749,21.881643517832346,22.77206746469185,0.0,0.0,0.0,0.0,0.0,0.0,0.0 
 07/29  05:00:00,21.630835548967398,22.41280398696121,22.848131191514765,21.775677540032939,22.709109969515226,0.0,0.0,0.0,0.0,0.0,0.0,0.0 
 07/29  06:00:00,21.554957753917785,22.358984268748516,22.805773481581015,21.700255618023676,22.64124179844064,0.0,0.0,0.0,0.0,0.0,0.0,0.0 
 07/29  07:00:00,21.68327532369654,22.465118611549149,22.85118210461858,21.858590523349457,22.754841225888826,0.0,0.0,0.0,0.0,0.0,0.0,0.0 
 07/29  08:00:00,22.00115255095225,22.731381067735144,22.990992988694069,22.200019111556239,23.048019402487648,0.0,0.0,0.0,0.0,0.0,0.0,0.0 
 07/29  09:00:00,22.453711458875934,23.09698020334049,23.207139049825224,22.57776587497127,23.346668871131535,0.0,0.0,0.0,0.0,0.0,0.0,0.0 
 07/29  10:00:00,22.87185116414119,23.42609283651579,23.45641731238719,22.96630180619048,23.658857992028176,0.0,0.0,0.0,0.0,0.0,0.0,0.0 
 07/29  11:00:00,23.3295364957297,23.78428228520261,23.713952239349177,23.39138176461746,23.9963975152393,0.0,0.0,0.0,0.0,0.0,0.0,0.0 
 07/29  12:00:00,23.86667104270122,24.242415488282338,23.977730928109567,23.801196867900356,24.32374390135078,0.0,0.0,0.0,0.0,0.0,0.0,0.0 
 07/29  13:00:00,24.339486269942449,24.649426651201634,24.224276481756886,24.149059368454524,24.60108978852339,0.0,0.0,0.0,0.0,0.0,0.0,0.0 
 07/29  14:00:00,24.67890312451372,24.939626702190986,24.419974109249787,24.424858486916269,24.820991332791594,0.0,0.0,0.0,0.0,0.0,0.0,0.0 
 07/29  15:00:00,25.37381022517399,25.163048870182963,24.649113174463215,25.08255383718717,24.985536377804693,0.0,0.0,0.0,0.0,0.0,0.0,0.0 
 07/29  16:00:00,26.256385755704913,25.347115819729674,24.8854065735444,25.921943083903295,25.096340892316016,0.0,0.0,0.0,0.0,0.0,0.0,0.0 
 07/29  17:00:00,26.69986242234147,25.358089684828664,25.019607269127016,26.386127665517458,25.102846413024208,0.0,0.0,0.0,0.0,0.0,0.0,0.0 
 07/29  18:00:00,26.73752770263983,25.250909262869965,25.046444148062585,26.475228560937628,25.05241235862236,0.0,0.0,0.0,0.0,0.0,0.0,0.0 
 07/29  19:00:00,26.423915473440315,25.129277520735607,24.978944546023315,26.20313867416155,24.99680282976672,0.0,0.0,0.0,0.0,0.0,0.0,0.0 
 07/29  20:00:00,25.82586923558862,24.940222250404316,24.802849031443694,25.66498572330395,24.866911663219029,0.0,0.0,0.0,0.0,0.0,0.0,0.0 
 07/29  21:00:00,25.36537591364489,24.781156600964274,24.63119329159296,25.221442176116225,24.72432399063623,0.0,0.0,0.0,0.0,0.0,0.0,0.0 
 07/29  22:00:00,25.08922221430798,24.666545972287943,24.518130075001247,24.95450771413234,24.620153352508873,0.0,0.0,0.0,0.0,0.0,0.0,0.0 
 07/29  23:00:00,24.923491794561714,24.596348488303847,24.445478473319186,24.79533247423141,24.556252039229834,0.0,0.0,0.0,0.0,0.0,0.0,0.0 
 07/29  24:00:00,24.79250003465643,24.53947149309721,24.396620727700303,24.669316233534607,24.504516437295704,0.0,0.0,0.0,0.0,0.0,0.0,0.0 
 07/30  01:00:00,24.705301494177726,24.505347771579289,24.361376748848909,24.58609255792037,24.475090908100996,0.0,0.0,0.0,0.0,0.0,0.0,0.0 
 07/30  02:00:00,24.625870362452269,24.472662515462035,24.332073922108806,24.510970350375719,24.446918550045586,0.0,0.0,0.0,0.0,0.0,0.0,0.0 
 07/30  03:00:00,24.56419617126148,24.44892410646912,24.308439335331653,24.45381793173413,24.427367391647029,0.0,0.0,0.0,0.0,0.0,0.0,0.0 
 07/30  04:00:00,24.51200696167598,24.431270300394414,24.29028496316896,24.406021212428269,24.413286053077046,0.0,0.0,0.0,0.0,0.0,0.0,0.0 
 07/30  05:00:00,24.478967608034077,24.426396751860449,24.280354813349825,24.376744337740026,24.410818347666397,0.0,0.0,0.0,0.0,0.0,0.0,0.0 
 07/30  06:00:00,24.48547284091417,24.4388507494055,24.28856981648976,24.389224972998105,24.42160129094115,0.0,0.0,0.0,0.0,0.0,0.0,0.0 
 07/30  07:00:00,24.587910381052365,24.53654198139544,24.358382968728784,24.512247001736218,24.520276777459153,0.0,0.0,0.0,0.0,0.0,0.0,0.0 
 07/30  08:00:00,24.94060889908178,24.823448092018859,24.514568843241734,24.865934458440646,24.797903852043086,0.0,0.0,0.0,0.0,0.0,0.0,0.0 
 07/30  09:00:00,25.47401924088028,25.231265297712264,24.736084372649818,25.32908472260616,25.131595251396253,0.0,0.0,0.0,0.0,0.0,0.0,0.0 
 07/30  10:00:00,26.01643476472797,25.65757900977855,24.997207845422055,25.791501452876884,25.47184054709169,0.0,0.0,0.0,0.0,0.0,0.0,0.0 
 07/30  11:00:00,26.527065374465395,26.081545680743177,25.293909214793027,26.21639459851152,25.813056873259229,0.0,0.0,0.0,0.0,0.0,0.0,0.0 
 07/30  12:00:00,27.05325628490212,26.545108040222396,25.569821407141786,26.594905081903354,26.118408486547066,0.0,0.0,0.0,0.0,0.0,0.0,0.0 
 07/30  13:00:00,27.4561391494102,26.865168941362066,25.755598249556095,26.912274884049518,26.327000681461095,0.0,0.0,0.0,0.0,0.0,0.0,0.0 
 07/30  14:00:00,27.76737238452652,27.072712835820349,25.93746815537171,27.193591043343749,26.49180602611001,0.0,0.0,0.0,0.0,0.0,0.0,0.0 
 07/30  15:00:00,28.22514104024309,27.26587679234052,26.163538788470068,27.646428506991734,26.66906306839686,0.0,0.0,0.0,0.0,0.0,0.0,0.0 
 07/30  16:00:00,28.135641668438518,27.194728047387195,26.242333122507956,27.604559537083476,26.648565216633409,0.0,0.0,0.0,0.0,0.0,0.0,0.0 
 07/30  17:00:00,27.918897490734918,26.98755371748004,26.188955087842396,27.454016410259546,26.504427578267526,0.0,0.0,0.0,0.0,0.0,0.0,0.0 
 07/30  18:00:00,28.21335046203908,26.959061726208284,26.25693984616516,27.801520372665473,26.534378484004824,0.0,0.0,0.0,0.0,0.0,0.0,0.0 
 07/30  19:00:00,28.00344927717868,26.87603150477141,26.23789708731054,27.628392828195837,26.50825457140158,0.0,0.0,0.0,0.0,0.0,0.0,0.0 
 07/30  20:00:00,27.607221535585887,26.744200211680146,26.122557531024684,27.2652735912906,26.409906485820906,0.0,0.0,0.0,0.0,0.0,0.0,0.0 
 07/30  21:00:00,27.322726909738625,26.6206252849339,26.024413282559146,26.99729157344562,26.30562486870058,0.0,0.0,0.0,0.0,0.0,0.0,0.0 
 07/30  22:00:00,27.164035793671837,26.54729554600208,25.96538862333777,26.84915417862714,26.2445681707426,0.0,0.0,0.0,0.0,0.0,0.0,0.0 
 07/30  23:00:00,27.08783658544271,26.521269958981173,25.940771168082727,26.781086772796195,26.2285144530667,0.0,0.0,0.0,0.0,0.0,0.0,0.0 
 07/30  24:00:00,27.02851775100433,26.50507895184317,25.93226830182249,26.73013016470606,26.22252354782837,0.0,0.0,0.0,0.0,0.0,0.0,0.0 
