Date/Time,Environment:Site Outdoor Air Drybulb Temperature [C](Hourly),CORE_TOP:Zone Total Internal Total Heating Rate [W](Hourly),CORE_TOP:Zone Mean Air Temperature [C](Hourly),PERIMETER_TOP_ZN_3:Zone Mean Air Temperature [C](Hourly),PERIMETER_TOP_ZN_2:Zone Mean Air Temperature [C](Hourly),PERIMETER_TOP_ZN_1:Zone Mean Air Temperature [C](Hourly),PERIMETER_TOP_ZN_4:Zone Mean Air Temperature [C](Hourly),CORE_TOP_LOTEMP:Zone Radiant HVAC Pump Electric Power [W](Hourly),PERI1_TOP_LOTEMP:Zone Radiant HVAC Pump Electric Power [W](Hourly),PERI2_TOP_LOTEMP:Zone Radiant HVAC Pump Electric Power [W](Hourly),PERI3_TOP_LOTEMP:Zone Radiant HVAC Pump Electric Power [W](Hourly),PERI4_TOP_LOTEMP:Zone Radiant HVAC Pump Electric Power [W](Hourly),HP_RADSYS:Heat Pump Electric Power [W](Hourly),HOT WATER LOOP HW SUPPLY PUMP2:Pump Electric Power [W](Hourly) 
 06/15  01:00:00,16.9375,2780.82959564914,20.875447088883207,20.68464889147045,20.716691600466498,20.7127019973008,20.80373657520721,0.0,0.0,0.0,0.0,0.0,0.0,0.0 
 06/15  02:00:00,16.699999999999997,2780.82959564914,20.83371719304024,20.613035198223913,20.642682336447174,20.641239001993744,20.729820664377664,0.0,0.0,0.0,0.0,0.0,0.0,0.0 
 06/15  03:00:00,16.699999999999997,2780.82959564914,20.837577786432,20.579753893344625,20.603399012125999,20.604189568127724,20.679977335539016,0.0,0.0,0.0,0.0,0.0,0.0,0.0 
 06/15  04:00:00,16.385000000000006,2780.82959564914,20.84107156067275,20.536282507711677,20.555871463038924,20.561813962541348,20.620296932988727,0.0,0.0,0.0,0.0,0.0,0.0,0.0 
 06/15  05:00:00,16.1,2780.82959564914,20.83434542343936,20.49063965533013,20.526608771199887,20.50348689203498,20.549998199580494,0.0,0.0,0.0,0.0,0.0,0.0,0.0 
 06/15  06:00:00,16.677500000000003,3119.6039812842798,20.859214251784935,20.629442482594749,21.0331809114582,20.575374029866745,20.613358367423467,0.0,0.0,30.393,0.0,0.0,0.0,0.0 
 06/15  07:00:00,17.514999999999998,4245.451607531919,20.169195839599607,20.27493792859426,21.322570005562267,20.26373344375284,20.145122239335433,0.0,0.0,67.53999999999999,0.0,0.0,0.0,0.0 
 06/15  08:00:00,18.062500000000005,6049.250893545528,20.100224845078257,20.458012413018307,22.436822855547047,20.430660470183388,20.236005972573027,0.0,0.0,67.53999999999999,0.0,0.0,0.0,0.0 
 06/15  09:00:00,19.192500000000004,18101.736647504957,21.10767701048081,21.353960575331649,23.73961310790603,21.416122249381084,21.092244077378039,152.71476,68.91142500000002,67.53999999999999,63.71491499999998,52.0,0.0,0.0 
 06/15  10:00:00,20.5775,18101.736647504957,21.532920425652529,21.758575238450086,23.779889509067205,21.833879728995698,21.44256598904764,254.52460000000003,76.56825000000002,67.53999999999999,70.79434999999998,80.0,0.0,0.0 
 06/15  11:00:00,21.415,18265.019990212222,21.647658327640749,21.951808183297666,22.964999310758136,21.986557845595859,21.632551087852528,254.52460000000003,76.56825000000002,67.53999999999999,70.79434999999998,80.0,0.0,0.0 
 06/15  12:00:00,21.9625,18101.73664750495,21.70229459015264,22.068314870539877,22.672110878289204,22.17031788501871,21.756573808300517,254.52460000000003,76.56825000000002,67.53999999999999,70.79434999999998,80.0,0.0,0.0 
 06/15  13:00:00,22.7775,14572.507325244462,21.450974269589826,21.913641348329404,22.28941596261489,22.090619421266966,21.637421606162577,254.52460000000003,76.56825000000002,67.53999999999999,70.79434999999998,80.0,0.0,0.0 
 06/15  14:00:00,24.192500000000004,18101.736647504957,21.642343504598366,22.15066954197417,22.357714809290508,22.403723369791167,21.94979490510283,254.52460000000003,76.56825000000002,67.53999999999999,70.79434999999998,80.0,0.0,0.0 
 06/15  15:00:00,24.684999999999996,18265.019990212222,21.737546665941559,22.273893424029759,22.3708693608819,22.60795227835589,23.216757947130576,254.52460000000003,76.56825000000002,67.53999999999999,70.79434999999998,80.0,0.0,0.0 
 06/15  16:00:00,24.1375,18101.736647504957,21.779937134606173,22.283268115683094,22.28624528529095,22.629576006255929,23.994527722628147,254.52460000000003,76.56825000000002,67.53999999999999,70.79434999999998,80.0,0.0,0.0 
 06/15  17:00:00,23.585,18101.736647504957,21.775759013913363,22.237708806154598,22.12315841791019,22.44800208041167,23.998158093711447,254.52460000000003,76.56825000000002,67.53999999999999,70.79434999999998,80.0,0.0,0.0 
 06/15  18:00:00,22.46,8609.530172617446,21.10436211644464,21.573060697862205,21.422642338230426,21.734910332137824,23.99881921442898,152.71476,76.56825000000002,67.53999999999999,70.79434999999998,80.0,0.0,0.0 
 06/15  19:00:00,21.385,5413.9869089617409,20.674623357160728,21.12300011894302,20.89319279314122,21.115606932839094,23.34978276154174,0.0,57.42618750000001,13.508000000000001,70.79434999999998,80.0,0.0,0.0 
 06/15  20:00:00,20.8375,5413.9869089617409,20.45061903987173,20.812419651528914,20.65639757768342,20.760002693801647,21.78152318711572,0.0,0.0,0.0,10.619152499999999,80.0,0.0,0.0 
 06/15  21:00:00,19.969999999999997,4829.719258246828,20.250701368978107,20.457227208906347,20.41038229646818,20.49629432316706,20.849065264663805,0.0,0.0,0.0,0.0,16.0,0.0,0.0 
 06/15  22:00:00,18.822499999999999,4829.719258246828,20.144074322345597,20.235684470550319,20.21330887149531,20.297229276338823,20.538244424226247,0.0,0.0,0.0,0.0,0.0,0.0,0.0 
 06/15  23:00:00,18.300000000000006,3927.819615240021,20.94743331619984,20.74759607217772,20.779295592517906,20.787521229836785,21.055731606396859,139.98853000000003,0.0,0.0,0.0,60.0,0.0,0.0 
 06/15  24:00:00,17.722500000000005,3635.6857898825685,21.070387982731256,20.816562373548775,20.849280382681454,20.85019713908404,20.958004081630393,254.52460000000003,0.0,0.0,0.0,20.0,0.0,0.0 
 06/16  01:00:00,16.9375,2780.82959564914,20.870635047557003,20.656048559031139,20.68775591410516,20.68636528651358,20.776669619199084,12.72623,0.0,0.0,0.0,0.0,0.0,0.0 
 06/16  02:00:00,16.9625,2780.82959564914,20.80830436262924,20.53430875005103,20.56325073573756,20.5647541734567,20.65518422775278,0.0,0.0,0.0,0.0,0.0,0.0,0.0 
 06/16  03:00:00,16.9375,2780.82959564914,20.781455300686184,20.49014086486708,20.513631634345154,20.517159854620805,20.59484527360572,0.0,0.0,0.0,0.0,0.0,0.0,0.0 
 06/16  04:00:00,16.385000000000006,2780.82959564914,20.753735055079944,20.3875650434974,20.405304373631809,20.40600151478477,20.470346194255403,0.0,0.0,0.0,0.0,0.0,0.0,0.0 
 06/16  05:00:00,15.8375,2780.82959564914,20.731079694644447,20.251155323508848,20.263606067955437,20.266585734881394,20.323138429641415,0.0,0.0,0.0,0.0,0.0,0.0,0.0 
 06/16  06:00:00,15.6,3119.6039812842798,20.754075466760658,20.28651392687047,20.30522890923931,20.3058494492114,20.349969265288885,0.0,0.0,0.0,0.0,0.0,0.0,0.0 
 06/16  07:00:00,15.8625,4245.451607531921,20.114552084167195,20.047006947896205,20.080173865578936,20.08625339533314,19.99265658558605,0.0,0.0,0.0,0.0,0.0,0.0,0.0 
 06/16  08:00:00,16.415,6049.250893545528,20.02228390988713,20.191658081290649,20.271504798010534,20.245586577154105,20.10683196491347,0.0,0.0,0.0,0.0,0.0,0.0,0.0 
 06/16  09:00:00,17.277499999999998,18101.736647504953,20.988856921196424,21.13159009457565,21.31615278865091,21.22060348865446,20.987025754994915,139.98853000000003,53.59777500000001,47.27799999999999,46.0163275,44.0,0.0,0.0 
 06/16  10:00:00,18.377500000000006,18101.736647504957,21.40081331514649,21.536594983493875,22.462846021226747,21.64166844576736,21.30916209784652,254.52460000000003,76.56825000000002,67.53999999999999,70.79434999999998,80.0,0.0,0.0 
 06/16  11:00:00,19.4775,18265.019990212222,21.549143234401347,21.75721838739572,22.292004094152234,21.846530070284595,21.499273485182365,254.52460000000003,76.56825000000002,67.53999999999999,70.79434999999998,80.0,0.0,0.0 
 06/16  12:00:00,21.154999999999999,18101.736647504957,21.61154308726811,21.920946070922854,22.239180393738484,22.112859636693888,21.652412780013337,254.52460000000003,76.56825000000002,67.53999999999999,70.79434999999998,80.0,0.0,0.0 
 06/16  13:00:00,23.092499999999999,14572.507325244462,21.331182858074187,21.833405793116947,21.993740688967269,22.139560206080519,21.615854474037858,254.52460000000003,76.56825000000002,67.53999999999999,70.79434999999998,80.0,0.0,0.0 
 06/16  14:00:00,24.4775,18101.73664750495,21.54753303103122,22.10583811808666,22.147833948518519,22.448896853219499,21.985118217739847,254.52460000000003,76.56825000000002,67.53999999999999,70.79434999999998,80.0,0.0,0.0 
 06/16  15:00:00,25.0,18265.019990212222,21.6500166533879,22.228852433947688,22.1928770672293,22.600511485615983,23.093350252170415,254.52460000000003,76.56825000000002,67.53999999999999,70.79434999999998,80.0,0.0,0.0 
 06/16  16:00:00,25.5775,18101.736647504957,21.65651485943567,22.238604106062444,22.14295571251278,22.610553276466385,23.937301807899908,254.52460000000003,76.56825000000002,67.53999999999999,70.79434999999998,80.0,0.0,0.0 
 06/16  17:00:00,25.8375,18101.736647504957,21.63251406623646,22.229788568175957,22.04599043427768,22.470927656096316,23.998045202898799,254.52460000000003,76.56825000000002,67.53999999999999,70.79434999999998,80.0,0.0,0.0 
 06/16  18:00:00,24.7075,8609.530172617446,20.9926795936462,21.600619240093267,21.39220816697655,21.789952223055776,23.988463148551014,89.08361,76.56825000000002,67.53999999999999,70.79434999999998,80.0,0.0,0.0 
 06/16  19:00:00,23.322499999999999,5413.9869089617409,20.602532155437218,21.149571883152107,20.86956345436449,21.175468405227467,23.162009659648086,0.0,65.08301250000003,13.508000000000001,70.79434999999998,80.0,0.0,0.0 
 06/16  20:00:00,22.2225,5413.98690896174,20.385262567949668,20.810516162351524,20.607740312785006,20.78897904660267,21.65981317579912,0.0,0.0,0.0,7.079434999999999,80.0,0.0,0.0 
 06/16  21:00:00,21.385,4829.719258246828,20.1937921790357,20.474988211265204,20.36880924586323,20.53434577176811,20.81499457031972,0.0,0.0,0.0,0.0,12.0,0.0,0.0 
 06/16  22:00:00,20.8375,4829.719258246828,20.07495326541929,20.264423490746468,20.18084926959285,20.346763233913003,20.532348237940345,0.0,0.0,0.0,0.0,0.0,0.0,0.0 
 06/16  23:00:00,20.600000000000006,3927.819615240021,20.939982129410759,20.91125630207759,20.88406590402628,20.960048969881137,21.1855261191999,139.98853000000003,45.940950000000018,30.393,35.397175,68.0,0.0,0.0 
 06/16  24:00:00,20.285000000000005,3635.6857898825685,21.099398128037604,20.962345336013735,20.93694657766088,20.983104094398564,21.10076134423285,254.52460000000003,30.62730000000001,10.131,21.238305,76.0,0.0,0.0 
 06/17  01:00:00,19.684999999999996,2780.82959564914,20.891761097344536,20.781671581752247,20.766139367271355,20.792962160010267,20.86102075206655,25.45246,0.0,0.0,0.0,0.0,0.0,0.0 
 06/17  02:00:00,19.399999999999996,2780.82959564914,20.826175432525845,20.697525950724314,20.677756160638649,20.70634692218372,20.800853836581095,0.0,0.0,0.0,0.0,0.0,0.0,0.0 
 06/17  03:00:00,19.137499999999997,2780.82959564914,20.811661420644144,20.632677984996584,20.613282106876587,20.647635249308388,20.738811601538197,0.0,0.0,0.0,0.0,0.0,0.0,0.0 
 06/17  04:00:00,18.585,2780.82959564914,20.796288604651257,20.564236446732929,20.54490597686937,20.57116402627022,20.652450690634767,0.0,0.0,0.0,0.0,0.0,0.0,0.0 
 06/17  05:00:00,18.0375,2780.82959564914,20.778211244165229,20.511856616314107,20.549282148582735,20.48810572817712,20.56234303793282,0.0,0.0,0.0,0.0,0.0,0.0,0.0 
 06/17  06:00:00,18.062500000000005,3119.6039812842798,20.820199016270359,20.6772484638844,21.361341314557519,20.570345530130277,20.6381906322826,0.0,0.0,50.65499999999999,0.0,0.0,0.0,0.0 
 06/17  07:00:00,18.614999999999996,4245.451607531919,20.13926992064048,20.28212968726735,22.201500425739668,20.250545819710835,20.140418407324668,0.0,0.0,67.53999999999999,0.0,0.0,0.0,0.0 
 06/17  08:00:00,20.055000000000005,6049.250893545528,20.064412292958776,20.51405515087044,22.878118706847834,20.446841456891215,20.24499863317846,0.0,0.0,67.53999999999999,0.0,0.0,0.0,0.0 
 06/17  09:00:00,21.415,18101.736647504957,21.03286079851533,21.443512478315044,23.760059670534653,21.48654675153191,21.15732276708511,139.98853000000003,68.91142500000002,67.53999999999999,63.71491499999998,56.0,0.0,0.0 
 06/17  10:00:00,23.1175,18101.736647504957,21.456614281601828,21.870537884447523,23.829359371355769,21.951744179755076,21.540792237112279,254.52460000000003,76.56825000000002,67.53999999999999,70.79434999999998,80.0,0.0,0.0 
 06/17  11:00:00,25.607499999999999,18265.019990212222,21.51718838313288,22.12931119524918,23.19367160273205,22.233907558058346,21.79540089984576,254.52460000000003,76.56825000000002,67.53999999999999,70.79434999999998,80.0,0.0,0.0 
 06/17  12:00:00,26.9625,18101.736647504957,21.5842028876756,22.29742987703487,22.937300669726768,22.5039451470505,21.976505388796605,254.52460000000003,76.56825000000002,67.53999999999999,70.79434999999998,80.0,0.0,0.0 
 06/17  13:00:00,27.514999999999995,14572.507325244462,21.396281917618074,22.189193419212449,22.594483454716813,22.5187603419189,21.925283039424629,254.52460000000003,76.56825000000002,67.53999999999999,70.79434999999998,80.0,0.0,0.0 
 06/17  14:00:00,27.485000000000008,18101.736647504957,21.61183729844165,22.398754358375624,22.62913484484185,22.732107968838503,22.23986401228469,254.52460000000003,76.56825000000002,67.53999999999999,70.79434999999998,80.0,0.0,0.0 
 06/17  15:00:00,26.9375,18265.019990212222,21.73205437084564,22.468035136376018,22.579975591471788,22.814506779070649,23.386507003557264,254.52460000000003,76.56825000000002,67.53999999999999,70.79434999999998,80.0,0.0,0.0 
 06/17  16:00:00,26.699999999999997,18101.736647504957,21.75815206273537,22.453043370144394,22.466981686384906,22.804670128555079,23.99813946917589,254.52460000000003,76.56825000000002,67.53999999999999,70.79434999999998,80.0,0.0,0.0 
 06/17  17:00:00,26.385,18101.736647504957,21.74652493093505,22.397443798820519,22.291630914516543,22.61590281724676,23.998246787328186,254.52460000000003,76.56825000000002,67.53999999999999,70.79434999999998,80.0,0.0,0.0 
 06/17  18:00:00,24.945,8609.530172617446,21.090839274888503,21.732368939853555,21.59316292315511,21.910282067868115,23.998674775156795,152.71476,76.56825000000002,67.53999999999999,70.79434999999998,80.0,0.0,0.0 
 06/17  19:00:00,23.322499999999999,5413.9869089617409,20.69549025363286,21.307347851738734,21.029218365778907,21.300297258695666,23.573036632900025,0.0,76.56825000000002,33.769999999999999,70.79434999999998,80.0,0.0,0.0 
 06/17  20:00:00,21.645,5413.9869089617409,20.49404732481069,20.964319315430545,20.77555988202294,20.881425529735659,21.988322923491969,0.0,11.4852375,0.0,35.397175,80.0,0.0,0.0 
 06/17  21:00:00,20.285000000000005,4829.719258246828,20.31421507581599,20.57431535242483,20.530428122050325,20.613175165132235,20.960921107377695,0.0,0.0,0.0,0.0,32.0,0.0,0.0 
 06/17  22:00:00,19.684999999999996,4829.719258246828,20.17856637519226,20.337758576225189,20.31973679524217,20.4066509094613,20.626132762151089,0.0,0.0,0.0,0.0,0.0,0.0,0.0 
 06/17  23:00:00,19.137499999999997,3927.819615240021,21.00552600460048,20.864375197505507,20.899022382613226,20.907306854405858,21.15729402026316,152.71476,22.970475000000005,20.262000000000005,0.0,70.0,0.0,0.0 
 06/17  24:00:00,18.899999999999996,3635.6857898825685,21.130936409147034,20.92838126394993,20.896024572519676,20.92091823914698,21.029806480432077,254.52460000000003,0.0,0.0,0.0,52.0,0.0,0.0 
 06/18  01:00:00,18.899999999999996,2780.82959564914,20.9137633429161,20.815217660004718,20.778009513201135,20.80192963829321,20.873463398801044,38.17869,0.0,0.0,0.0,0.0,0.0,0.0 
 06/18  02:00:00,18.899999999999996,2780.82959564914,20.857176916365515,20.767936532413516,20.73431378673488,20.755100371396084,20.837400331628325,0.0,0.0,0.0,0.0,0.0,0.0,0.0 
 06/18  03:00:00,18.585,2780.82959564914,20.85678802009739,20.713341196266908,20.679347351629369,20.70297654712797,20.779147035697357,0.0,0.0,0.0,0.0,0.0,0.0,0.0 
 06/18  04:00:00,18.300000000000006,2780.82959564914,20.854404841381425,20.625839830433877,20.59296067914018,20.618676809269908,20.683904573048275,0.0,0.0,0.0,0.0,0.0,0.0,0.0 
 06/18  05:00:00,18.300000000000006,2780.82959564914,20.83865271231482,20.577250277744484,20.580468440178696,20.555921173018406,20.60385145081747,0.0,0.0,0.0,0.0,0.0,0.0,0.0 
 06/18  06:00:00,18.8775,3119.6039812842798,20.86175409146611,20.74662329198373,21.12804814951919,20.662235326601498,20.708844009767974,0.0,0.0,40.523999999999997,0.0,0.0,0.0,0.0 
 06/18  07:00:00,19.715,4245.451607531919,20.112587346204145,20.373922302228189,21.486556402279797,20.329345202759055,20.211444467020127,0.0,0.0,67.53999999999999,0.0,0.0,0.0,0.0 
 06/18  08:00:00,21.470000000000004,6049.250893545528,20.017132823092458,20.626579116881407,22.371307939457734,20.577967101265899,20.380693086595195,0.0,0.0,67.53999999999999,0.0,0.0,0.0,0.0 
 06/18  09:00:00,24.27,18101.736647504957,20.943156811023238,21.6453994324125,23.45017130708032,21.711945823513099,21.369313525730456,127.26230000000001,72.73983750000002,67.53999999999999,67.25463249999999,72.0,0.0,0.0 
 06/18  10:00:00,25.600000000000013,18101.736647504957,21.378089763972548,22.17636533601463,23.71357285308826,22.320778699218218,21.858107976593514,254.52460000000003,76.56825000000002,67.53999999999999,70.79434999999998,80.0,0.0,0.0 
 06/18  11:00:00,25.8625,18265.019990212222,21.55645153501219,22.444908022951418,23.360281634913418,22.6642910207129,22.12354369968487,254.52460000000003,76.56825000000002,67.53999999999999,70.79434999999998,80.0,0.0,0.0 
 06/18  12:00:00,25.5225,18101.736647504957,21.66427806678674,22.587105015504969,23.14477503282344,22.90617110263992,22.269775214042605,254.52460000000003,76.56825000000002,67.53999999999999,70.79434999999998,80.0,0.0,0.0 
 06/18  13:00:00,25.315000000000006,14572.507325244462,21.45650682132476,22.44623702983079,22.764031040161329,22.84192353456548,22.205163947637119,254.52460000000003,76.56825000000002,67.53999999999999,70.79434999999998,80.0,0.0,0.0 
 06/18  14:00:00,26.1775,18101.736647504957,21.646460254463535,22.6303237546805,22.794951561963278,23.019299436369786,22.55037229352199,254.52460000000003,76.56825000000002,67.53999999999999,70.79434999999998,80.0,0.0,0.0 
 06/18  15:00:00,25.807499999999999,18265.019990212222,21.777592220907939,22.723145822654595,22.78563655741312,23.119946088516046,23.3565887806376,254.52460000000003,76.56825000000002,67.53999999999999,70.79434999999998,80.0,0.0,0.0 
 06/18  16:00:00,24.684999999999996,18101.736647504957,21.809188320416639,22.68113949781162,22.67147666725309,23.008853992286445,23.39832412551713,254.52460000000003,76.56825000000002,67.53999999999999,70.79434999999998,80.0,0.0,0.0 
 06/18  17:00:00,23.560000000000004,18101.736647504957,21.743487330455915,22.362427976489625,22.299774938276174,22.585944675119817,22.60182783797055,254.52460000000003,76.56825000000002,67.53999999999999,70.79434999999998,80.0,0.0,0.0 
 06/18  18:00:00,21.907500000000004,8609.530172617446,20.991634353008715,21.46504943055448,21.397315038439513,21.637808099243168,21.45137959333396,101.80984,76.56825000000002,67.53999999999999,70.79434999999998,80.0,0.0,0.0 
 06/18  19:00:00,21.415,5413.9869089617409,20.49043506359176,20.887308476870027,20.870312517145849,21.011605660349117,20.8447544966008,0.0,38.28412500000001,6.7540000000000008,14.158869999999997,6.666666666666666,0.0,0.0 
 06/18  20:00:00,21.699999999999997,5413.9869089617409,20.275549675947276,20.673133223500316,20.69531098559472,20.788890061854845,20.643472835963487,0.0,0.0,0.0,0.0,0.0,0.0,0.0 
 06/18  21:00:00,21.385,4829.719258246828,20.154295761697289,20.511334712557518,20.53493006483705,20.63440108384225,20.464358891054589,0.0,0.0,0.0,0.0,0.0,0.0,0.0 
 06/18  22:00:00,21.100000000000006,4829.719258246828,20.08808702221706,20.387466809660574,20.4042817686746,20.510645825575695,20.323992431181759,0.0,0.0,0.0,0.0,0.0,0.0,0.0 
 06/18  23:00:00,21.100000000000006,3927.819615240021,21.009212791215377,21.14030336935932,21.173045522152074,21.207713297697148,21.155877419542486,152.71476,61.25460000000002,54.032,53.0957625,60.0,0.0,0.0 
 06/18  24:00:00,21.100000000000006,3635.6857898825685,21.20787354079591,21.21733960140906,21.202687639955984,21.257315042656708,21.185277878886195,254.52460000000003,76.56825000000002,67.53999999999999,70.79434999999998,80.0,0.0,0.0 
 06/19  01:00:00,21.100000000000006,2780.82959564914,21.003493626389166,21.01495334359142,20.985972637171807,21.041930616836188,20.97147893723868,127.26230000000001,57.42618750000001,23.639000000000004,38.9368925,20.0,0.0,0.0 
 06/19  02:00:00,20.8375,2780.82959564914,20.938268604974917,20.942705257252233,20.95092569600631,20.954130297737806,20.951244645664724,0.0,0.0,0.0,0.0,0.0,0.0,0.0 
 06/19  03:00:00,20.600000000000006,2780.82959564914,20.945982992868545,20.927717054808587,20.946155341049989,20.944219770147986,20.94772888862729,0.0,0.0,0.0,0.0,0.0,0.0,0.0 
 06/19  04:00:00,20.862500000000006,2780.82959564914,20.958235002695106,20.937375011433525,20.955454506444853,20.952583417779679,20.9588358254054,0.0,0.0,0.0,0.0,0.0,0.0,0.0 
 06/19  05:00:00,20.8375,2780.82959564914,20.97014919562879,20.955147522582985,20.998426787719106,20.963427493092916,20.967363050008438,0.0,0.0,16.885,0.0,0.0,0.0,0.0 
 06/19  06:00:00,20.862500000000006,3119.6039812842798,21.00058965815757,21.062530997033723,21.504247744980718,21.032022832155286,21.01558340511321,165.44099000000004,53.59777500000001,67.53999999999999,70.79434999999998,60.0,0.0,0.0 
 06/19  07:00:00,21.6775,4245.451607531919,20.08599364601877,20.42972263037055,21.58194798197584,20.444484824035336,20.215495078861765,0.0,2.5522750000000005,67.53999999999999,2.3598116666666666,1.3333333333333333,0.0,0.0 
 06/19  08:00:00,22.514999999999998,6049.250893545528,19.907123789589176,20.428314278061749,21.00967213132939,20.45517874374613,20.179029847358618,0.0,0.0,33.769999999999999,0.0,0.0,0.0,0.0 
 06/19  09:00:00,22.800000000000009,18101.736647504957,20.79832780560165,21.247856254772218,21.4632722628504,21.311217462476827,21.000055018564578,76.35738,62.53073750000002,64.16299999999998,53.0957625,44.0,0.0,0.0 
 06/19  10:00:00,23.0625,18101.736647504957,21.238239923386677,21.73554887414858,22.291930311336907,21.853263101985954,21.458211803082024,254.52460000000003,76.56825000000002,67.53999999999999,70.79434999999998,80.0,0.0,0.0 
 06/19  11:00:00,24.192500000000004,18265.019990212222,21.388942703952318,22.03478408209119,22.442803936210589,22.20802262104703,21.733890789766379,254.52460000000003,76.56825000000002,67.53999999999999,70.79434999999998,80.0,0.0,0.0 
 06/19  12:00:00,25.5775,18101.736647504957,21.476744957441434,22.212567777717298,22.47785792912207,22.454268769577049,21.89978549866358,254.52460000000003,76.56825000000002,67.53999999999999,70.79434999999998,80.0,0.0,0.0 
 06/19  13:00:00,26.9925,14572.507325244462,21.301385950343158,22.095553550391928,22.215074847633806,22.328252150191426,21.81019175587907,254.52460000000003,76.56825000000002,67.53999999999999,70.79434999999998,80.0,0.0,0.0 
 06/19  14:00:00,27.222500000000005,18101.736647504953,21.573196125569497,22.361705958015553,22.38918276688837,22.650618966617356,22.16731275694811,254.52460000000003,76.56825000000002,67.53999999999999,70.79434999999998,80.0,0.0,0.0 
 06/19  15:00:00,26.385,18265.019990212222,21.701766275364027,22.480191554321399,22.44006496571215,22.84447595935414,23.249228738960445,254.52460000000003,76.56825000000002,67.53999999999999,70.79434999999998,80.0,0.0,0.0 
 06/19  16:00:00,25.207500000000004,18101.736647504957,21.737889511135426,22.48299159683309,22.38860205769028,22.813342567477233,23.330727086788568,254.52460000000003,76.56825000000002,67.53999999999999,70.79434999999998,80.0,0.0,0.0 
 06/19  17:00:00,22.090000000000005,18101.736647504953,21.732439045021189,22.196153031389657,22.067970066582857,22.421954983636497,22.47174693237034,254.52460000000003,76.56825000000002,67.53999999999999,70.79434999999998,80.0,0.0,0.0 
 06/19  18:00:00,20.315000000000006,8609.530172617446,21.00515621273006,21.377324610415429,21.25247771566757,21.54258626944046,21.417284431811244,101.80984,76.56825000000002,67.53999999999999,70.79434999999998,80.0,0.0,0.0 
 06/19  19:00:00,20.285000000000005,5413.9869089617409,20.49251293410808,20.850528760744859,20.76649652992249,20.953185948102357,20.86091457848903,0.0,26.798887500000008,0.0,7.079434999999998,8.0,0.0,0.0 
 06/19  20:00:00,20.315000000000006,5413.9869089617409,20.3024814574599,20.62175599841158,20.55102268220772,20.70136858940004,20.64161101895183,0.0,0.0,0.0,0.0,0.0,0.0,0.0 
 06/19  21:00:00,20.600000000000006,4829.719258246828,20.140768869004167,20.393182906451515,20.339653280138465,20.490941067878564,20.365836941994414,0.0,0.0,0.0,0.0,0.0,0.0,0.0 
 06/19  22:00:00,20.600000000000006,4829.719258246828,20.038330137043908,20.235582234218858,20.185339645036458,20.33652233049661,20.181604613699827,0.0,0.0,0.0,0.0,0.0,0.0,0.0 
 06/19  23:00:00,19.969999999999997,3927.819615240021,20.869580199814835,20.874757180548515,20.865400452298436,20.92425826236005,20.88958066012948,114.53607,42.112537500000019,30.393,31.8574575,44.0,0.0,0.0 
 06/19  24:00:00,19.399999999999996,3635.6857898825685,21.102965800533917,20.96168358194495,20.93601392049435,20.971195739746287,20.938815356749136,254.52460000000003,26.798887500000008,6.7540000000000008,14.158869999999999,8.0,0.0,0.0 
 06/20  01:00:00,19.399999999999996,2170.31579314564,20.838570007346744,20.742104118804883,20.718087820158293,20.74061729282823,20.73867056523688,25.45246,0.0,0.0,0.0,0.0,0.0,0.0 
 06/20  02:00:00,19.715,2170.31579314564,20.749582936363035,20.6682448329263,20.649824301222155,20.66869063865554,20.674286738719539,0.0,0.0,0.0,0.0,0.0,0.0,0.0 
 06/20  03:00:00,19.4225,2170.31579314564,20.73732240981523,20.607999803412697,20.58495145652584,20.604355783560828,20.612643931308239,0.0,0.0,0.0,0.0,0.0,0.0,0.0 
 06/20  04:00:00,18.899999999999996,2170.31579314564,20.71880408315995,20.50642784938591,20.47922266529677,20.501418689386019,20.508444652972665,0.0,0.0,0.0,0.0,0.0,0.0,0.0 
 06/20  05:00:00,18.585,2170.31579314564,20.69877297670262,20.493315297419949,20.532989234061558,20.4613735788923,20.466490100189487,0.0,0.0,0.0,0.0,0.0,0.0,0.0 
 06/20  06:00:00,18.614999999999996,2170.31579314564,20.725324462298738,20.635297215155956,21.719155262861297,20.49671638345981,20.500444604188318,0.0,0.0,57.40899999999999,0.0,0.0,0.0,0.0 
 06/20  07:00:00,19.1625,4245.451607531921,20.090709516183016,20.270680580591568,22.494138625872535,20.216356280310515,20.042362443301298,0.0,0.0,67.53999999999999,0.0,0.0,0.0,0.0 
 06/20  08:00:00,20.2925,4245.451607531921,19.95369776011998,20.453921604972544,23.19697277245349,20.36080222971348,20.11079251424511,0.0,0.0,67.53999999999999,0.0,0.0,0.0,0.0 
 06/20  09:00:00,21.6775,7440.994871187625,20.251650310053326,20.875086835330455,23.70040369506191,20.892120267012055,20.539406010874257,0.0,22.970475000000005,67.53999999999999,10.619152499999999,0.0,0.0,0.0 
 06/20  10:00:00,22.7775,7440.994871187625,20.47997811132683,21.22166755235967,23.445451094782436,21.29645367271694,20.9671804292474,0.0,76.56825000000002,67.53999999999999,70.79434999999998,32.0,0.0,0.0 
 06/20  11:00:00,23.61499999999999,7492.558032042551,20.622259726775135,21.406524709658784,22.60093714926547,21.585306770366928,21.159515852288484,0.0,76.56825000000002,67.53999999999999,70.79434999999998,80.0,0.0,0.0 
 06/20  12:00:00,24.1625,7440.994871187625,20.66145723474026,21.555337694438938,22.239792690332906,21.81684312946644,21.294726582600317,0.0,76.56825000000002,67.53999999999999,70.79434999999998,80.0,0.0,0.0 
 06/20  13:00:00,24.39999999999999,4176.533156645199,20.464606987303708,21.424871570145148,21.84077440303472,21.699343657590615,21.1978564259943,0.0,76.56825000000002,67.53999999999999,70.79434999999998,80.0,0.0,0.0 
 06/20  14:00:00,24.39999999999999,4159.345436360221,20.41882785599033,21.42331823983829,21.690154657475565,21.71076309453995,21.29881898604385,0.0,76.56825000000002,67.53999999999999,70.79434999999998,80.0,0.0,0.0 
 06/20  15:00:00,24.715000000000005,4176.533156645199,20.41067845189383,21.34223528645027,21.50456826273475,21.563025343771068,21.2184976003778,0.0,76.56825000000002,67.53999999999999,70.79434999999998,80.0,0.0,0.0 
 06/20  16:00:00,25.315000000000006,4159.345436360221,20.3457322038985,21.17458452880239,21.261204254614296,21.343486445293388,21.08491813080824,0.0,76.56825000000002,67.53999999999999,70.79434999999998,80.0,0.0,0.0 
 06/20  17:00:00,25.600000000000013,4159.345436360221,20.305950656348239,21.129644379193615,21.13190971955337,21.238130521311186,21.592350782942533,0.0,76.56825000000002,67.53999999999999,70.79434999999998,80.0,0.0,0.0 
 06/20  18:00:00,25.285000000000005,2879.2057968242645,20.223547115447738,20.846111101049965,20.850081456960394,20.924226819565694,21.05485980170814,0.0,26.798887500000008,5.628333333333334,10.619152499999999,44.0,0.0,0.0 
 06/20  19:00:00,24.684999999999996,2879.2057968242645,20.119239834226254,20.65218130126845,20.713272220815175,20.741599651414498,20.61618968616157,0.0,0.0,0.0,0.0,0.0,0.0,0.0 
 06/20  20:00:00,24.1375,2170.31579314564,19.992754577266667,20.454692555421926,20.516734984957059,20.544432289890758,20.37542894786035,0.0,0.0,0.0,0.0,0.0,0.0,0.0 
 06/20  21:00:00,23.89999999999999,2170.31579314564,19.9102088390554,20.250895475273049,20.309313573344054,20.346053227304176,20.144975950343395,0.0,0.0,0.0,0.0,0.0,0.0,0.0 
 06/20  22:00:00,23.585,2170.31579314564,19.854568328616347,20.13084543476859,20.172523226216833,20.215299785108529,20.01173349550251,0.0,0.0,0.0,0.0,0.0,0.0,0.0 
 06/20  23:00:00,23.61499999999999,2170.31579314564,20.749128827016699,20.938204577123554,20.99812722884044,20.97584728154337,20.909166044268259,76.35738,45.940950000000018,43.900999999999999,38.9368925,44.0,0.0,0.0 
 06/20  24:00:00,23.585,2170.31579314564,21.020114950884638,21.12054706337129,21.12963635322491,21.141396303450553,21.069257561637419,165.44099000000004,76.56825000000002,67.53999999999999,70.79434999999998,76.0,0.0,0.0 
 06/21  01:00:00,23.300000000000009,2170.31579314564,20.935965121900375,20.999694048720529,20.99316262844608,21.01332261052857,20.97477861723777,0.0,49.769362500000017,23.639000000000004,31.8574575,0.0,0.0,0.0 
 06/21  02:00:00,23.300000000000009,2170.31579314564,20.92716094616822,20.98576650502291,20.995339561684827,20.989089773181367,20.993377172244089,0.0,7.656825,23.639000000000004,0.0,20.0,0.0,0.0 
 06/21  03:00:00,23.0375,2170.31579314564,20.934068630278565,20.994221576691009,20.993453579716257,20.993714495750678,20.99316433745087,0.0,19.1420625,16.885,21.238305,16.0,0.0,0.0 
 06/21  04:00:00,22.800000000000009,2170.31579314564,20.944198774368055,20.988777449751379,20.98276813838381,20.995914855580599,20.97885484699572,0.0,15.31365,0.0,0.0,0.0,0.0,0.0 
 06/21  05:00:00,22.485000000000004,2170.31579314564,20.954656507938219,20.998899498621375,20.996478117212808,20.991318991447863,20.993241085567918,0.0,11.4852375,23.639000000000004,24.7780225,20.0,0.0,0.0 
 06/21  06:00:00,21.9375,2170.31579314564,20.971516697212527,20.996423593863058,20.988924407338268,20.998621244827665,20.98806518541589,0.0,30.62730000000001,13.508000000000001,17.6985875,8.0,0.0,0.0 
 06/21  07:00:00,21.122500000000004,2879.2057968242645,20.05710250926155,20.24715571838362,20.231716205012277,20.28948293917315,20.127982824561138,0.0,1.2761375000000002,1.1256666666666669,1.1799058333333333,1.3333333333333333,0.0,0.0 
 06/21  08:00:00,20.862500000000006,2879.2057968242645,19.81870246811215,20.175340692174019,20.240123624037037,20.23315404297157,20.042137393971595,0.0,0.0,0.0,0.0,0.0,0.0,0.0 
 06/21  09:00:00,20.8375,2879.2057968242645,19.85502407537158,20.411711704421188,20.554762539157158,20.492290164573804,20.280988162637184,0.0,0.0,0.0,0.0,0.0,0.0,0.0 
 06/21  10:00:00,21.177500000000003,2879.2057968242645,19.92822677385649,20.710717494311575,20.902989165659354,20.830337544980716,20.58548880530272,0.0,0.0,13.508000000000001,0.0,0.0,0.0,0.0 
 06/21  11:00:00,21.699999999999997,2879.2057968242645,20.005027878371885,21.007513610187293,21.1248996532384,21.142815386239258,20.89233288662926,0.0,76.56825000000002,67.53999999999999,35.397175,4.0,0.0,0.0 
 06/21  12:00:00,22.2775,2879.2057968242645,20.08022385010259,21.182123901527296,21.207052353842245,21.331122066610427,21.0642724430021,0.0,76.56825000000002,67.53999999999999,70.79434999999998,80.0,0.0,0.0 
 06/21  13:00:00,22.800000000000009,2879.2057968242645,20.129197432197555,21.26704222013998,21.23318785848583,21.43548344943918,21.11251311081304,0.0,76.56825000000002,67.53999999999999,70.79434999999998,80.0,0.0,0.0 
 06/21  14:00:00,23.377499999999999,2879.2057968242645,20.158678802935989,21.303278624696227,21.244274692144903,21.474525656423379,21.189479654871716,0.0,76.56825000000002,67.53999999999999,70.79434999999998,80.0,0.0,0.0 
 06/21  15:00:00,24.1625,2879.2057968242645,20.16211091391701,21.216948482004207,21.134627859560064,21.401198215892319,21.42752355145723,0.0,76.56825000000002,67.53999999999999,70.79434999999998,80.0,0.0,0.0 
 06/21  16:00:00,24.39999999999999,2879.2057968242645,20.1917571285623,21.199070351530407,21.087527916142059,21.38556400404709,22.32520351426841,0.0,76.56825000000002,67.53999999999999,70.79434999999998,80.0,0.0,0.0 
 06/21  17:00:00,25.03000000000001,2879.2057968242645,20.23021225864023,21.17624498016735,20.995921872985215,21.266976488604045,23.19364517482526,0.0,76.56825000000002,30.393,70.79434999999998,80.0,0.0,0.0 
 06/21  18:00:00,24.96999999999999,2879.2057968242645,20.22657618364484,20.993412409204958,20.881471792444367,21.068646910966256,23.520112297303144,0.0,61.25460000000002,0.0,35.397175,80.0,0.0,0.0 
 06/21  19:00:00,23.822499999999999,2170.31579314564,20.157707523605148,20.832906762866814,20.636518506343785,20.784081601709297,22.669590206339586,0.0,0.0,0.0,0.0,80.0,0.0,0.0 
 06/21  20:00:00,23.0375,2170.31579314564,20.049569090195026,20.637643040676524,20.400687896636268,20.531195954406816,21.291208335567949,0.0,0.0,0.0,0.0,60.0,0.0,0.0 
 06/21  21:00:00,22.2225,2170.31579314564,19.937213288220045,20.322496595441995,20.18540683557962,20.300793624174383,20.575739531435909,0.0,0.0,0.0,0.0,0.0,0.0,0.0 
 06/21  22:00:00,22.2775,2170.31579314564,19.859024821549999,20.170419637929855,20.07369474579692,20.169969137559855,20.316826192668637,0.0,0.0,0.0,0.0,0.0,0.0,0.0 
 06/21  23:00:00,22.485000000000004,2170.31579314564,20.756095805899979,20.964007218573398,20.919149299518034,20.941690622805916,21.123856460532428,63.631150000000008,42.112537500000019,37.147,42.47661,60.0,0.0,0.0 
 06/21  24:00:00,21.9375,2170.31579314564,20.990852057614697,21.018203315785816,20.957457175094459,21.004168424238566,21.104646062298838,114.53607,42.112537500000019,23.639000000000004,46.0163275,76.0,0.0,0.0 
