Low temp setpoint,High temp setpoint
7,12
7,12
7,12
7,12
7,12
7,12
7,12
7,12
7,12
7,12
7,12
7,12
7,12
7,12
7,12
7,12
7,12
7,12
7,12
7,12
7,12
7,12
7,12
7,12
7,12
7,12
7,12
7,12
7,12
7,12
7,12
7,12
7,12
7,12
7,12
7,12
7,12
7,12
7,12
7,12
7,12
7,12
7,12
7,12
7,12
7,12
7,12
7,12
7,12
7,12
7,12
7,12
7,12
7,12
7,12
7,12
7,12
7,12
7,12
7,12
7,12
7,12
7,12
7,12
7,12
7,12
7,12
7,12
7,12
7,12
7,12
7,12
7,12
7,12
7,12
7,12
7,12
7,12
7,12
7,12
7,12
7,12
7,12
7,12
7,12
7,12
7,12
7,12
7,12
7,12
7,12
7,12
7,12
7,12
7,12
7,12
7,12
7,12
7,12
7,12
7,12
7,12
7,12
7,12
7,12
7,12
7,12
7,12
7,12
7,12
7,12
7,12
7,12
7,12
7,12
7,12
7,12
7,12
7,12
7,12
7,12
7,12
7,12
7,12
7,12
7,12
7,12
7,12
7,12
7,12
7,12
7,12
7,12
7,12
7,12
7,12
7,12
7,12
7,12
7,12
7,12
7,12
7,12
7,12
7,12
7,12
7,12
7,12
7,12
7,12
7,12
7,12
7,12
7,12
7,12
7,12
7,12
7,12
7,12
7,12
7,12
7,12
7,12
7,12
7,12
7,12
7,12
7,12
7,12
7,12
7,12
7,12
7,12
7,12
7,12
7,12
7,12
7,12
7,12
7,12
7,12
7,12
7,12
7,12
7,12
7,12
7,12
7,12
7,12
7,12
7,12
7,12
7,12
7,12
7,12
7,12
7,12
7,12
7,12
7,12
7,12
7,12
7,12
7,12
7,12
7,12
7,12
7,12
7,12
7,12
7,12
7,12
7,12
7,12
7,12
7,12
7,12
7,12
7,12
7,12
7,12
7,12
7,12
7,12
7,12
7,12
7,12
7,12
7,12
7,12
7,12
7,12
7,12
7,12
7,12
7,12
7,12
7,12
7,12
7,12
7,12
7,12
7,12
7,12
7,12
7,12
7,12
7,12
7,12
7,12
7,12
7,12
7,12
7,12
7,12
7,12
7,12
7,12
7,12
7,12
7,12
7,12
7,12
7,12
7,12
7,12
7,12
7,12
7,12
7,12
7,12
7,12
7,12
7,12
7,12
7,12
7,12
7,12
7,12
7,12
7,12
7,12
7,12
7,12
7,12
7,12
7,12
7,12
7,12
7,12
7,12
7,12
7,12
7,12
7,12
7,12
7,12
7,12
7,12
7,12
7,12
7,12
7,12
7,12
7,12
7,12
7,12
7,12
7,12
7,12
7,12
7,12
7,12
7,12
7,12
7,12
7,12
7,12
7,12
7,12
7,12
7,12
7,12
7,12
7,12
7,12
7,12
7,12
7,12
7,12
7,12
7,12
7,12
7,12
7,12
7,12
7,12
7,12
7,12
7,12
7,12
7,12
7,12
7,12
7,12
7,12
7,12
7,12
7,12
7,12
7,12
7,12
7,12
7,12
7,12
7,12
7,12
7,12
7,12
7,12
7,12
7,12
7,12
7,12
7,12
7,12
7,12
7,12
7,12
7,12
7,12
7,12
7,12
7,12
7,12
7,12
7,12
7,12
7,12
7,12
7,12
7,12
7,12
7,12
7,12
7,12
7,12
7,12
7,12
7,12
7,12
7,12
7,12
7,12
7,12
7,12
7,12
7,12
7,12
7,12
7,12
7,12
7,12
7,12
7,12
7,12
7,12
7,12
7,12
7,12
7,12
7,12
7,12
7,12
7,12
7,12
7,12
7,12
7,12
7,12
7,12
7,12
7,12
7,12
7,12
7,12
7,12
7,12
7,12
7,12
7,12
7,12
7,12
7,12
7,12
7,12
7,12
7,12
7,12
7,12
7,12
7,12
7,12
7,12
7,12
7,12
7,12
7,12
7,12
7,12
7,12
7,12
7,12
7,12
7,12
7,12
7,12
7,12
7,12
7,12
7,12
7,12
7,12
7,12
7,12
7,12
7,12
7,12
7,12
7,12
7,12
7,12
7,12
7,12
7,12
7,12
7,12
7,12
7,12
7,12
7,12
7,12
7,12
7,12
7,12
7,12
7,12
7,12
7,12
7,12
7,12
7,12
7,12
7,12
7,12
7,12
7,12
7,12
7,12
7,12
7,12
7,12
7,12
7,12
7,12
7,12
7,12
7,12
7,12
7,12
7,12
7,12
7,12
7,12
7,12
7,12
7,12
7,12
7,12
7,12
7,12
7,12
7,12
7,12
7,12
7,12
7,12
7,12
7,12
7,12
7,12
7,12
7,12
7,12
7,12
7,12
7,12
7,12
7,12
7,12
7,12
7,12
7,12
7,12
7,12
7,12
7,12
7,12
7,12
7,12
7,12
7,12
7,12
7,12
7,12
7,12
7,12
7,12
7,12
7,12
7,12
7,12
7,12
7,12
7,12
7,12
7,12
7,12
7,12
7,12
7,12
7,12
7,12
7,12
7,12
7,12
7,12
7,12
7,12
7,12
7,12
7,12
7,12
7,12
7,12
7,12
7,12
7,12
7,12
7,12
7,12
7,12
7,12
7,12
7,12
7,12
7,12
7,12
7,12
7,12
7,12
7,12
7,12
7,12
7,12
7,12
7,12
7,12
7,12
7,12
7,12
7,12
7,12
7,12
7,12
7,12
7,12
7,12
7,12
7,12
7,12
7,12
7,12
7,12
7,12
7,12
7,12
7,12
7,12
7,12
7,12
7,12
7,12
7,12
7,12
7,12
7,12
7,12
7,12
7,12
7,12
7,12
7,12
7,12
7,12
7,12
7,12
7,12
7,12
7,12
7,12
7,12
7,12
7,12
7,12
7,12
7,12
7,12
7,12
7,12
7,12
7,12
7,12
7,12
7,12
7,12
7,12
7,12
7,12
7,12
7,12
7,12
7,12
7,12
7,12
7,12
7,12
7,12
7,12
7,12
7,12
7,12
7,12
7,12
7,12
7,12
7,12
7,12
7,12
7,12
7,12
7,12
7,12
7,12
7,12
7,12
7,12
7,12
7,12
7,12
7,12
7,12
7,12
7,12
7,12
7,12
7,12
7,12
7,12
7,12
7,12
7,12
7,12
7,12
7,12
7,12
7,12
7,12
7,12
7,12
7,12
7,12
7,12
7,12
7,12
7,12
7,12
7,12
7,12
7,12
7,12
7,12
7,12
7,12
7,12
7,12
7,12
7,12
7,12
7,12
7,12
7,12
7,12
7,12
7,12
7,12
7,12
7,12
7,12
7,12
7,12
7,12
7,12
7,12
7,12
7,12
7,12
7,12
7,12
7,12
7,12
7,12
7,12
7,12
7,12
7,12
7,12
7,12
7,12
7,12
7,12
7,12
7,12
7,12
7,12
7,12
7,12
7,12
7,12
7,12
7,12
7,12
7,12
7,12
7,12
7,12
7,12
7,12
7,12
7,12
7,12
7,12
7,12
7,12
7,12
7,12
7,12
7,12
7,12
7,12
7,12
7,12
7,12
7,12
7,12
7,12
7,12
7,12
7,12
7,12
7,12
7,12
7,12
7,12
7,12
7,12
7,12
7,12
7,12
7,12
7,12
7,12
7,12
7,12
7,12
7,12
7,12
7,12
7,12
7,12
7,12
7,12
7,12
7,12
7,12
7,12
7,12
7,12
7,12
7,12
7,12
7,12
7,12
7,12
7,12
7,12
7,12
7,12
7,12
7,12
7,12
7,12
7,12
7,12
7,12
7,12
7,12
7,12
7,12
7,12
7,12
7,12
7,12
7,12
7,12
7,12
7,12
7,12
7,12
7,12
7,12
7,12
7,12
7,12
7,12
7,12
7,12
7,12
7,12
7,12
7,12
7,12
7,12
7,12
7,12
7,12
7,12
7,12
7,12
7,12
7,12
7,12
7,12
7,12
7,12
7,12
7,12
7,12
7,12
7,12
7,12
7,12
7,12
7,12
7,12
7,12
7,12
7,12
7,12
7,12
7,12
7,12
7,12
7,12
7,12
7,12
7,12
7,12
7,12
7,12
7,12
7,12
7,12
7,12
7,12
7,12
7,12
7,12
7,12
7,12
7,12
7,12
7,12
7,12
7,12
7,12
7,12
7,12
7,12
7,12
7,12
7,12
7,12
7,12
7,12
7,12
7,12
7,12
7,12
7,12
7,12
7,12
7,12
7,12
7,12
7,12
7,12
7,12
7,12
7,12
7,12
7,12
7,12
7,12
7,12
7,12
7,12
7,12
7,12
7,12
7,12
7,12
7,12
7,12
7,12
7,12
7,12
7,12
7,12
7,12
7,12
7,12
7,12
7,12
7,12
7,12
7,12
7,12
7,12
7,12
7,12
7,12
7,12
7,12
7,12
7,12
7,12
7,12
7,12
7,12
7,12
7,12
7,12
7,12
7,12
7,12
7,12
7,12
7,12
7,12
7,12
7,12
7,12
7,12
7,12
7,12
7,12
7,12
7,12
7,12
7,12
7,12
7,12
7,12
7,12
7,12
7,12
7,12
7,12
7,12
7,12
7,12
7,12
7,12
7,12
7,12
7,12
7,12
7,12
7,12
7,12
7,12
7,12
7,12
7,12
7,12
7,12
7,12
7,12
7,12
7,12
7,12
7,12
7,12
7,12
7,12
7,12
7,12
7,12
7,12
7,12
7,12
7,12
7,12
7,12
7,12
7,12
7,12
7,12
7,12
7,12
7,12
7,12
7,12
7,12
7,12
7,12
7,12
7,12
7,12
7,12
7,12
7,12
7,12
7,12
7,12
7,12
7,12
7,12
7,12
7,12
7,12
7,12
7,12
7,12
7,12
7,12
7,12
7,12
7,12
7,12
7,12
7,12
7,12
7,12
7,12
7,12
7,12
7,12
7,12
7,12
7,12
7,12
7,12
7,12
7,12
7,12
7,12
7,12
7,12
7,12
7,12
7,12
7,12
7,12
7,12
7,12
7,12
7,12
7,12
7,12
7,12
7,12
7,12
7,12
7,12
7,12
7,12
7,12
7,12
7,12
7,12
7,12
7,12
7,12
7,12
7,12
7,12
7,12
7,12
7,12
7,12
7,12
7,12
7,12
7,12
7,12
7,12
7,12
7,12
7,12
7,12
7,12
7,12
7,12
7,12
7,12
7,12
7,12
7,12
7,12
7,12
7,12
7,12
7,12
7,12
7,12
7,12
7,12
7,12
7,12
7,12
7,12
7,12
7,12
7,12
7,12
7,12
7,12
7,12
7,12
7,12
7,12
7,12
7,12
7,12
7,12
7,12
7,12
7,12
7,12
7,12
7,12
7,12
7,12
7,12
7,12
7,12
7,12
7,12
7,12
7,12
7,12
7,12
7,12
7,12
7,12
7,12
7,12
7,12
7,12
7,12
7,12
7,12
7,12
7,12
7,12
7,12
7,12
7,12
7,12
7,12
7,12
7,12
7,12
7,12
7,12
7,12
7,12
7,12
7,12
7,12
7,12
7,12
7,12
7,12
7,12
7,12
7,12
7,12
7,12
7,12
7,12
7,12
7,12
7,12
7,12
7,12
7,12
7,12
7,12
7,12
7,12
7,12
7,12
7,12
7,12
7,12
7,12
7,12
7,12
7,12
7,12
7,12
7,12
7,12
7,12
7,12
7,12
7,12
7,12
7,12
7,12
7,12
7,12
7,12
7,12
7,12
7,12
7,12
7,12
7,12
7,12
7,12
7,12
7,12
7,12
7,12
7,12
7,12
7,12
7,12
7,12
7,12
7,12
7,12
7,12
7,12
7,12
7,12
7,12
7,12
7,12
7,12
7,12
7,12
7,12
7,12
7,12
7,12
7,12
7,12
7,12
7,12
7,12
7,12
7,12
7,12
7,12
7,12
7,12
7,12
7,12
7,12
7,12
7,12
7,12
7,12
7,12
7,12
7,12
7,12
7,12
7,12
7,12
7,12
7,12
7,12
7,12
7,12
7,12
7,12
7,12
7,12
7,12
7,12
7,12
7,12
7,12
7,12
7,12
7,12
7,12
7,12
7,12
7,12
7,12
7,12
7,12
7,12
7,12
7,12
7,12
7,12
7,12
7,12
7,12
7,12
7,12
7,12
7,12
7,12
7,12
7,12
7,12
7,12
7,12
7,12
7,12
7,12
7,12
7,12
7,12
7,12
7,12
7,12
7,12
7,12
7,12
7,12
7,12
7,12
7,12
7,12
7,12
7,12
7,12
7,12
7,12
7,12
7,12
7,12
7,12
7,12
7,12
7,12
7,12
7,12
7,12
7,12
7,12
7,12
7,12
7,12
7,12
7,12
7,12
7,12
7,12
7,12
7,12
7,12
7,12
7,12
7,12
7,12
7,12
7,12
7,12
7,12
7,12
7,12
7,12
7,12
7,12
7,12
7,12
7,12
7,12
7,12
7,12
7,12
7,12
7,12
7,12
7,12
7,12
7,12
7,12
7,12
7,12
7,12
7,12
7,12
7,12
7,12
7,12
7,12
7,12
7,12
7,12
7,12
7,12
7,12
7,12
7,12
7,12
7,12
7,12
7,12
7,12
7,12
7,12
7,12
7,12
7,12
7,12
7,12
7,12
7,12
7,12
7,12
7,12
7,12
7,12
7,12
7,12
7,12
7,12
7,12
7,12
7,12
7,12
7,12
7,12
7,12
7,12
7,12
7,12
7,12
7,12
7,12
7,12
7,12
7,12
7,12
7,12
7,12
7,12
7,12
7,12
7,12
7,12
7,12
7,12
7,12
7,12
7,12
7,12
7,12
7,12
7,12
7,12
7,12
7,12
7,12
7,12
7,12
7,12
7,12
7,12
7,12
7,12
7,12
7,12
7,12
7,12
7,12
7,12
7,12
7,12
7,12
7,12
7,12
7,12
7,12
7,12
7,12
7,12
7,12
7,12
7,12
7,12
7,12
7,12
7,12
7,12
7,12
7,12
7,12
7,12
7,12
7,12
7,12
7,12
7,12
7,12
7,12
7,12
7,12
7,12
7,12
7,12
7,12
7,12
7,12
7,12
7,12
7,12
7,12
7,12
7,12
7,12
7,12
7,12
7,12
7,12
7,12
7,12
7,12
7,12
7,12
7,12
7,12
7,12
7,12
7,12
7,12
7,12
7,12
7,12
7,12
7,12
7,12
7,12
7,12
7,12
7,12
7,12
7,12
7,12
7,12
7,12
7,12
7,12
7,12
7,12
7,12
7,12
7,12
7,12
7,12
7,12
7,12
7,12
7,12
7,12
7,12
7,12
7,12
7,12
7,12
7,12
7,12
7,12
7,12
7,12
7,12
7,12
7,12
7,12
7,12
7,12
7,12
7,12
7,12
7,12
7,12
7,12
7,12
7,12
7,12
7,12
7,12
7,12
7,12
7,12
7,12
7,12
7,12
7,12
7,12
7,12
7,12
7,12
7,12
7,12
7,12
7,12
7,12
7,12
7,12
7,12
7,12
7,12
7,12
7,12
7,12
7,12
7,12
7,12
7,12
7,12
7,12
7,12
7,12
7,12
7,12
7,12
7,12
7,12
7,12
7,12
7,12
7,12
7,12
7,12
7,12
7,12
7,12
7,12
7,12
7,12
7,12
7,12
7,12
7,12
7,12
7,12
7,12
7,12
7,12
7,12
7,12
7,12
7,12
7,12
7,12
7,12
7,12
7,12
7,12
7,12
7,12
7,12
7,12
7,12
7,12
7,12
7,12
7,12
7,12
7,12
7,12
7,12
7,12
7,12
7,12
7,12
7,12
7,12
7,12
7,12
7,12
7,12
7,12
7,12
7,12
7,12
7,12
7,12
7,12
7,12
7,12
7,12
7,12
7,12
7,12
7,12
7,12
7,12
7,12
7,12
7,12
7,12
7,12
7,12
7,12
7,12
7,12
7,12
7,12
7,12
7,12
7,12
7,12
7,12
7,12
7,12
7,12
7,12
7,12
7,12
7,12
7,12
7,12
7,12
7,12
7,12
7,12
7,12
7,12
7,12
7,12
7,12
7,12
7,12
7,12
7,12
7,12
7,12
7,12
7,12
7,12
7,12
7,12
7,12
7,12
7,12
7,12
7,12
7,12
7,12
7,12
7,12
7,12
7,12
7,12
7,12
7,12
7,12
7,12
7,12
7,12
7,12
7,12
7,12
7,12
7,12
7,12
7,12
7,12
7,12
7,12
7,12
7,12
7,12
7,12
7,12
7,12
7,12
7,12
7,12
7,12
7,12
7,12
7,12
7,12
7,12
7,12
7,12
7,12
7,12
7,12
7,12
7,12
7,12
7,12
7,12
7,12
7,12
7,12
7,12
7,12
7,12
7,12
7,12
7,12
7,12
7,12
7,12
7,12
7,12
7,12
7,12
7,12
7,12
7,12
7,12
7,12
7,12
7,12
7,12
7,12
7,12
7,12
7,12
7,12
7,12
7,12
7,12
7,12
7,12
7,12
7,12
7,12
7,12
7,12
7,12
7,12
7,12
7,12
7,12
7,12
7,12
7,12
7,12
7,12
7,12
7,12
7,12
7,12
7,12
7,12
7,12
7,12
7,12
7,12
7,12
7,12
7,12
7,12
7,12
7,12
7,12
7,12
7,12
7,12
7,12
7,12
7,12
7,12
7,12
7,12
7,12
7,12
7,12
7,12
7,12
7,12
7,12
7,12
7,12
7,12
7,12
7,12
7,12
7,12
7,12
7,12
7,12
7,12
7,12
7,12
7,12
7,12
7,12
7,12
7,12
7,12
7,12
7,12
7,12
7,12
7,12
7,12
7,12
7,12
7,12
7,12
7,12
7,12
7,12
7,12
7,12
7,12
7,12
7,12
7,12
7,12
7,12
7,12
7,12
7,12
7,12
7,12
7,12
7,12
7,12
7,12
7,12
7,12
7,12
7,12
7,12
7,12
7,12
7,12
7,12
7,12
7,12
7,12
7,12
7,12
7,12
7,12
7,12
7,12
7,12
7,12
7,12
7,12
7,12
7,12
7,12
7,12
7,12
7,12
7,12
7,12
7,12
7,12
7,12
7,12
7,12
7,12
7,12
7,12
7,12
7,12
7,12
7,12
7,12
7,12
7,12
7,12
7,12
7,12
7,12
7,12
7,12
7,12
7,12
7,12
7,12
7,12
7,12
7,12
7,12
7,12
7,12
7,12
7,12
7,12
7,12
7,12
7,12
7,12
7,12
7,12
7,12
7,12
7,12
7,12
7,12
7,12
7,12
7,12
7,12
7,12
7,12
7,12
7,12
7,12
7,12
7,12
7,12
7,12
7,12
7,12
7,12
7,12
7,12
7,12
7,12
7,12
7,12
7,12
7,12
7,12
7,12
7,12
7,12
7,12
7,12
7,12
7,12
7,12
7,12
7,12
7,12
7,12
7,12
7,12
7,12
7,12
7,12
7,12
7,12
7,12
7,12
7,12
7,12
7,12
7,12
7,12
7,12
7,12
7,12
7,12
7,12
7,12
7,12
7,12
7,12
7,12
7,12
7,12
7,12
7,12
7,12
7,12
7,12
7,12
7,12
7,12
7,12
7,12
7,12
7,12
7,12
7,12
7,12
7,12
7,12
7,12
7,12
7,12
7,12
7,12
7,12
7,12
7,12
7,12
7,12
7,12
7,12
7,12
7,12
7,12
7,12
7,12
7,12
7,12
7,12
7,12
7,12
7,12
7,12
7,12
7,12
7,12
7,12
7,12
7,12
7,12
7,12
7,12
7,12
7,12
7,12
7,12
7,12
7,12
7,12
7,12
7,12
7,12
7,12
7,12
7,12
7,12
7,12
7,12
7,12
7,12
7,12
7,12
7,12
7,12
7,12
7,12
7,12
7,12
7,12
7,12
7,12
7,12
7,12
7,12
7,12
7,12
7,12
7,12
7,12
7,12
7,12
7,12
7,12
7,12
7,12
7,12
7,12
7,12
7,12
7,12
7,12
7,12
7,12
7,12
7,12
7,12
7,12
7,12
7,12
7,12
7,12
7,12
7,12
7,12
7,12
7,12
7,12
7,12
7,12
7,12
7,12
7,12
7,12
7,12
7,12
7,12
7,12
7,12
7,12
7,12
7,12
7,12
7,12
7,12
7,12
7,12
7,12
7,12
7,12
7,12
7,12
7,12
7,12
7,12
7,12
7,12
7,12
7,12
7,12
7,12
7,12
7,12
7,12
7,12
7,12
7,12
7,12
7,12
7,12
7,12
7,12
7,12
7,12
7,12
7,12
7,12
7,12
7,12
7,12
7,12
7,12
7,12
7,12
7,12
7,12
7,12
7,12
7,12
7,12
7,12
7,12
7,12
7,12
7,12
7,12
7,12
7,12
7,12
7,12
7,12
7,12
7,12
7,12
7,12
7,12
7,12
7,12
7,12
7,12
7,12
7,12
7,12
7,12
7,12
7,12
7,12
7,12
7,12
7,12
7,12
7,12
7,12
7,12
7,12
7,12
7,12
7,12
7,12
7,12
7,12
7,12
7,12
7,12
7,12
7,12
7,12
7,12
7,12
7,12
7,12
7,12
7,12
7,12
7,12
7,12
7,12
7,12
7,12
7,12
7,12
7,12
7,12
7,12
7,12
7,12
7,12
7,12
7,12
7,12
7,12
7,12
7,12
7,12
7,12
7,12
7,12
7,12
7,12
7,12
7,12
7,12
7,12
7,12
7,12
7,12
7,12
7,12
7,12
7,12
7,12
7,12
7,12
7,12
7,12
7,12
7,12
7,12
7,12
7,12
7,12
7,12
7,12
7,12
7,12
7,12
7,12
7,12
7,12
7,12
7,12
7,12
7,12
7,12
7,12
7,12
7,12
7,12
7,12
7,12
7,12
7,12
7,12
7,12
7,12
7,12
7,12
7,12
7,12
7,12
7,12
7,12
7,12
7,12
7,12
7,12
7,12
7,12
7,12
7,12
7,12
7,12
7,12
7,12
7,12
7,12
7,12
7,12
7,12
7,12
7,12
7,12
7,12
7,12
7,12
7,12
7,12
7,12
7,12
7,12
7,12
7,12
7,12
7,12
7,12
7,12
7,12
7,12
7,12
7,12
7,12
7,12
7,12
7,12
7,12
7,12
7,12
7,12
7,12
7,12
7,12
7,12
7,12
7,12
7,12
7,12
7,12
7,12
7,12
7,12
7,12
7,12
7,12
7,12
7,12
7,12
7,12
7,12
7,12
7,12
7,12
7,12
7,12
7,12
7,12
7,12
7,12
7,12
7,12
7,12
7,12
7,12
7,12
7,12
7,12
7,12
7,12
7,12
7,12
7,12
7,12
7,12
7,12
7,12
7,12
7,12
7,12
7,12
7,12
7,12
7,12
7,12
7,12
7,12
7,12
7,12
7,12
7,12
7,12
7,12
7,12
7,12
7,12
7,12
7,12
7,12
7,12
7,12
7,12
7,12
7,12
7,12
7,12
7,12
7,12
7,12
7,12
7,12
7,12
7,12
7,12
7,12
7,12
7,12
7,12
7,12
7,12
7,12
7,12
7,12
7,12
7,12
7,12
7,12
7,12
7,12
7,12
7,12
7,12
7,12
7,12
7,12
7,12
7,12
7,12
7,12
7,12
7,12
7,12
7,12
7,12
7,12
7,12
7,12
7,12
7,12
7,12
7,12
7,12
7,12
7,12
7,12
7,12
7,12
7,12
7,12
7,12
7,12
7,12
7,12
7,12
7,12
7,12
7,12
7,12
7,12
7,12
7,12
7,12
7,12
7,12
7,12
7,12
7,12
7,12
7,12
7,12
7,12
7,12
7,12
7,12
7,12
7,12
7,12
7,12
7,12
7,12
7,12
7,12
7,12
7,12
7,12
7,12
7,12
7,12
7,12
7,12
7,12
7,12
7,12
7,12
7,12
7,12
7,12
7,12
7,12
7,12
7,12
7,12
7,12
7,12
7,12
7,12
7,12
7,12
7,12
7,12
7,12
7,12
7,12
7,12
7,12
7,12
7,12
7,12
7,12
7,12
7,12
7,12
7,12
7,12
7,12
7,12
7,12
7,12
7,12
7,12
7,12
7,12
7,12
7,12
7,12
7,12
7,12
7,12
7,12
7,12
7,12
7,12
7,12
7,12
7,12
7,12
7,12
7,12
7,12
7,12
7,12
7,12
7,12
7,12
7,12
7,12
7,12
7,12
7,12
7,12
7,12
7,12
7,12
7,12
7,12
7,12
7,12
7,12
7,12
7,12
7,12
7,12
7,12
7,12
7,12
7,12
7,12
7,12
7,12
7,12
7,12
7,12
7,12
7,12
7,12
7,12
7,12
7,12
7,12
7,12
7,12
7,12
7,12
7,12
7,12
7,12
7,12
7,12
7,12
7,12
7,12
7,12
7,12
7,12
7,12
7,12
7,12
7,12
7,12
7,12
7,12
7,12
7,12
7,12
7,12
7,12
7,12
7,12
7,12
7,12
7,12
7,12
7,12
7,12
7,12
7,12
7,12
7,12
7,12
7,12
7,12
7,12
7,12
7,12
7,12
7,12
7,12
7,12
7,12
7,12
7,12
7,12
7,12
7,12
7,12
7,12
7,12
7,12
7,12
7,12
7,12
7,12
7,12
7,12
7,12
7,12
7,12
7,12
7,12
7,12
7,12
7,12
7,12
7,12
7,12
7,12
7,12
7,12
7,12
7,12
7,12
7,12
7,12
7,12
7,12
7,12
7,12
7,12
7,12
7,12
7,12
7,12
7,12
7,12
7,12
7,12
7,12
7,12
7,12
7,12
7,12
7,12
7,12
7,12
7,12
7,12
7,12
7,12
7,12
7,12
7,12
7,12
7,12
7,12
7,12
7,12
7,12
7,12
7,12
7,12
7,12
7,12
7,12
7,12
7,12
7,12
7,12
7,12
7,12
7,12
7,12
7,12
7,12
7,12
7,12
7,12
7,12
7,12
7,12
7,12
7,12
7,12
7,12
7,12
7,12
7,12
7,12
7,12
7,12
7,12
7,12
7,12
7,12
7,12
7,12
7,12
7,12
7,12
7,12
7,12
7,12
7,12
7,12
7,12
7,12
7,12
7,12
7,12
7,12
7,12
7,12
7,12
7,12
7,12
7,12
7,12
7,12
7,12
7,12
7,12
7,12
7,12
7,12
7,12
7,12
7,12
7,12
7,12
7,12
7,12
7,12
7,12
7,12
7,12
7,12
7,12
7,12
7,12
7,12
7,12
7,12
7,12
7,12
7,12
7,12
7,12
7,12
7,12
7,12
7,12
7,12
7,12
7,12
7,12
7,12
7,12
7,12
7,12
7,12
7,12
7,12
7,12
7,12
7,12
7,12
7,12
7,12
7,12
7,12
7,12
7,12
7,12
7,12
7,12
7,12
7,12
7,12
7,12
7,12
7,12
7,12
7,12
7,12
7,12
7,12
7,12
7,12
7,12
7,12
7,12
7,12
7,12
7,12
7,12
7,12
7,12
7,12
7,12
7,12
7,12
7,12
7,12
7,12
7,12
7,12
7,12
7,12
7,12
7,12
7,12
7,12
7,12
7,12
7,12
7,12
7,12
7,12
7,12
7,12
7,12
7,12
7,12
7,12
7,12
7,12
7,12
7,12
7,12
7,12
7,12
7,12
7,12
7,12
7,12
7,12
7,12
7,12
7,12
7,12
7,12
7,12
7,12
7,12
7,12
7,12
7,12
7,12
7,12
7,12
7,12
7,12
7,12
7,12
7,12
7,12
7,12
7,12
7,12
7,12
7,12
7,12
7,12
7,12
7,12
7,12
7,12
7,12
7,12
7,12
7,12
7,12
7,12
7,12
7,12
7,12
7,12
7,12
7,12
7,12
7,12
7,12
7,12
7,12
7,12
7,12
7,12
7,12
7,12
7,12
7,12
7,12
7,12
7,12
7,12
7,12
7,12
7,12
7,12
7,12
7,12
7,12
7,12
7,12
7,12
7,12
7,12
7,12
7,12
7,12
7,12
7,12
7,12
7,12
7,12
7,12
7,12
7,12
7,12
7,12
7,12
7,12
7,12
7,12
7,12
7,12
7,12
7,12
7,12
7,12
7,12
7,12
7,12
7,12
7,12
7,12
7,12
7,12
7,12
7,12
7,12
7,12
7,12
7,12
7,12
7,12
7,12
7,12
7,12
7,12
7,12
7,12
7,12
7,12
7,12
7,12
7,12
7,12
7,12
7,12
7,12
7,12
7,12
7,12
7,12
7,12
7,12
7,12
7,12
7,12
7,12
7,12
7,12
7,12
7,12
7,12
7,12
7,12
7,12
7,12
7,12
7,12
7,12
7,12
7,12
7,12
7,12
7,12
7,12
7,12
7,12
7,12
7,12
7,12
7,12
7,12
7,12
7,12
7,12
7,12
7,12
7,12
7,12
7,12
7,12
7,12
7,12
7,12
7,12
7,12
7,12
7,12
7,12
7,12
7,12
7,12
7,12
7,12
7,12
7,12
7,12
7,12
7,12
7,12
7,12
7,12
7,12
7,12
7,12
7,12
7,12
7,12
7,12
7,12
7,12
7,12
7,12
7,12
7,12
7,12
7,12
7,12
7,12
7,12
7,12
7,12
7,12
7,12
7,12
7,12
7,12
7,12
7,12
7,12
7,12
7,12
7,12
7,12
7,12
7,12
7,12
7,12
7,12
7,12
7,12
7,12
7,12
7,12
7,12
7,12
7,12
7,12
7,12
7,12
7,12
7,12
7,12
7,12
7,12
7,12
7,12
7,12
7,12
7,12
7,12
7,12
7,12
7,12
7,12
7,12
7,12
7,12
7,12
7,12
7,12
7,12
7,12
7,12
7,12
7,12
7,12
7,12
7,12
7,12
7,12
7,12
7,12
7,12
7,12
7,12
7,12
7,12
7,12
7,12
7,12
7,12
7,12
7,12
7,12
7,12
7,12
7,12
7,12
7,12
7,12
7,12
7,12
7,12
7,12
7,12
7,12
7,12
7,12
7,12
7,12
7,12
7,12
7,12
7,12
7,12
7,12
7,12
7,12
7,12
7,12
7,12
7,12
7,12
7,12
7,12
7,12
7,12
7,12
7,12
7,12
7,12
7,12
7,12
7,12
7,12
7,12
7,12
7,12
7,12
7,12
7,12
7,12
7,12
7,12
7,12
7,12
7,12
7,12
7,12
7,12
7,12
7,12
7,12
7,12
7,12
7,12
7,12
7,12
7,12
7,12
7,12
7,12
7,12
7,12
7,12
7,12
7,12
7,12
7,12
7,12
7,12
7,12
7,12
7,12
7,12
7,12
7,12
7,12
7,12
7,12
7,12
7,12
7,12
7,12
7,12
7,12
7,12
7,12
7,12
7,12
7,12
7,12
7,12
7,12
7,12
7,12
7,12
7,12
7,12
7,12
7,12
7,12
7,12
7,12
7,12
7,12
7,12
7,12
7,12
7,12
7,12
7,12
7,12
7,12
7,12
7,12
7,12
7,12
7,12
7,12
7,12
7,12
7,12
7,12
7,12
7,12
7,12
7,12
7,12
7,12
7,12
7,12
7,12
7,12
7,12
7,12
7,12
7,12
7,12
7,12
7,12
7,12
7,12
7,12
7,12
7,12
7,12
7,12
7,12
7,12
7,12
7,12
7,12
7,12
7,12
7,12
7,12
7,12
7,12
7,12
7,12
7,12
7,12
7,12
7,12
7,12
7,12
7,12
7,12
7,12
7,12
7,12
7,12
7,12
7,12
7,12
7,12
7,12
7,12
7,12
7,12
7,12
7,12
7,12
7,12
7,12
7,12
7,12
7,12
7,12
7,12
7,12
7,12
7,12
7,12
7,12
7,12
7,12
7,12
7,12
7,12
7,12
7,12
7,12
7,12
7,12
7,12
7,12
7,12
7,12
7,12
7,12
7,12
7,12
7,12
7,12
7,12
7,12
7,12
7,12
7,12
7,12
7,12
7,12
7,12
7,12
7,12
7,12
7,12
7,12
7,12
7,12
7,12
7,12
7,12
7,12
7,12
7,12
7,12
7,12
7,12
7,12
7,12
7,12
7,12
7,12
7,12
7,12
7,12
7,12
7,12
7,12
7,12
7,12
7,12
7,12
7,12
7,12
7,12
7,12
7,12
7,12
7,12
7,12
7,12
7,12
7,12
7,12
7,12
7,12
7,12
7,12
7,12
7,12
7,12
7,12
7,12
7,12
7,12
7,12
7,12
7,12
7,12
7,12
7,12
7,12
7,12
7,12
7,12
7,12
7,12
7,12
7,12
7,12
7,12
7,12
7,12
7,12
7,12
7,12
7,12
7,12
7,12
7,12
7,12
7,12
7,12
7,12
7,12
7,12
7,12
7,12
7,12
7,12
7,12
7,12
7,12
7,12
7,12
7,12
7,12
7,12
7,12
7,12
7,12
7,12
7,12
7,12
7,12
7,12
7,12
7,12
7,12
7,12
7,12
7,12
7,12
7,12
7,12
7,12
7,12
7,12
7,12
7,12
7,12
7,12
7,12
7,12
7,12
7,12
7,12
7,12
7,12
7,12
7,12
7,12
7,12
7,12
7,12
7,12
7,12
7,12
7,12
7,12
7,12
7,12
7,12
7,12
7,12
7,12
7,12
7,12
7,12
7,12
7,12
7,12
7,12
7,12
7,12
7,12
7,12
7,12
7,12
7,12
7,12
7,12
7,12
7,12
7,12
7,12
7,12
7,12
7,12
7,12
7,12
7,12
7,12
7,12
7,12
7,12
7,12
7,12
7,12
7,12
7,12
7,12
7,12
7,12
7,12
7,12
7,12
7,12
7,12
7,12
7,12
7,12
7,12
7,12
7,12
7,12
7,12
7,12
7,12
7,12
7,12
7,12
7,12
7,12
7,12
7,12
7,12
7,12
7,12
7,12
7,12
7,12
7,12
7,12
7,12
7,12
7,12
7,12
7,12
7,12
7,12
7,12
7,12
7,12
7,12
7,12
7,12
7,12
7,12
7,12
7,12
7,12
7,12
7,12
7,12
7,12
7,12
7,12
7,12
7,12
7,12
7,12
7,12
7,12
7,12
7,12
7,12
7,12
7,12
7,12
7,12
7,12
7,12
7,12
7,12
7,12
7,12
7,12
7,12
7,12
7,12
7,12
7,12
7,12
7,12
7,12
7,12
7,12
7,12
7,12
7,12
7,12
7,12
7,12
7,12
7,12
7,12
7,12
7,12
7,12
7,12
7,12
7,12
7,12
7,12
7,12
7,12
7,12
7,12
7,12
7,12
7,12
7,12
7,12
7,12
7,12
7,12
7,12
7,12
7,12
7,12
7,12
7,12
7,12
7,12
7,12
7,12
7,12
7,12
7,12
7,12
7,12
7,12
7,12
7,12
7,12
7,12
7,12
7,12
7,12
7,12
7,12
7,12
7,12
7,12
7,12
7,12
7,12
7,12
7,12
7,12
7,12
7,12
7,12
7,12
7,12
7,12
7,12
7,12
7,12
7,12
7,12
7,12
7,12
7,12
7,12
7,12
7,12
7,12
7,12
7,12
7,12
7,12
7,12
7,12
7,12
7,12
7,12
7,12
7,12
7,12
7,12
7,12
7,12
7,12
7,12
7,12
7,12
7,12
7,12
7,12
7,12
7,12
7,12
7,12
7,12
7,12
7,12
7,12
7,12
7,12
7,12
7,12
7,12
7,12
7,12
7,12
7,12
7,12
7,12
7,12
7,12
7,12
7,12
7,12
7,12
7,12
7,12
7,12
7,12
7,12
7,12
7,12
7,12
7,12
7,12
7,12
7,12
7,12
7,12
7,12
7,12
7,12
7,12
7,12
7,12
7,12
7,12
7,12
7,12
7,12
7,12
7,12
7,12
7,12
7,12
7,12
7,12
7,12
7,12
7,12
7,12
7,12
7,12
7,12
7,12
7,12
7,12
7,12
7,12
7,12
7,12
7,12
7,12
7,12
7,12
7,12
7,12
7,12
7,12
7,12
7,12
7,12
7,12
7,12
7,12
7,12
7,12
7,12
7,12
7,12
7,12
7,12
7,12
7,12
7,12
7,12
7,12
7,12
7,12
7,12
7,12
7,12
7,12
7,12
7,12
7,12
7,12
7,12
7,12
7,12
7,12
7,12
7,12
7,12
7,12
7,12
7,12
7,12
7,12
7,12
7,12
7,12
7,12
7,12
7,12
7,12
7,12
7,12
7,12
7,12
7,12
7,12
7,12
7,12
7,12
7,12
7,12
7,12
7,12
7,12
7,12
7,12
7,12
7,12
7,12
7,12
7,12
7,12
7,12
7,12
7,12
7,12
7,12
7,12
7,12
7,12
7,12
7,12
7,12
7,12
7,12
7,12
7,12
7,12
7,12
7,12
7,12
7,12
7,12
7,12
7,12
7,12
7,12
7,12
7,12
7,12
7,12
7,12
7,12
7,12
7,12
7,12
7,12
7,12
7,12
7,12
7,12
7,12
7,12
7,12
7,12
7,12
7,12
7,12
7,12
7,12
7,12
7,12
7,12
7,12
7,12
7,12
7,12
7,12
7,12
7,12
7,12
7,12
7,12
7,12
7,12
7,12
7,12
7,12
7,12
7,12
7,12
7,12
7,12
7,12
7,12
7,12
7,12
7,12
7,12
7,12
7,12
7,12
7,12
7,12
7,12
7,12
7,12
7,12
7,12
7,12
7,12
7,12
7,12
7,12
7,12
7,12
7,12
7,12
7,12
7,12
7,12
7,12
7,12
7,12
7,12
7,12
7,12
7,12
7,12
7,12
7,12
7,12
7,12
7,12
7,12
7,12
7,12
7,12
7,12
7,12
7,12
7,12
7,12
7,12
7,12
7,12
7,12
7,12
7,12
7,12
7,12
7,12
7,12
7,12
7,12
7,12
7,12
7,12
7,12
7,12
7,12
7,12
7,12
7,12
7,12
7,12
7,12
7,12
7,12
7,12
7,12
7,12
7,12
7,12
7,12
7,12
7,12
7,12
7,12
7,12
7,12
7,12
7,12
7,12
7,12
7,12
7,12
7,12
7,12
7,12
7,12
7,12
7,12
7,12
7,12
7,12
7,12
7,12
7,12
7,12
7,12
7,12
7,12
7,12
7,12
7,12
7,12
7,12
7,12
7,12
7,12
7,12
7,12
7,12
7,12
7,12
7,12
7,12
7,12
7,12
7,12
7,12
7,12
7,12
7,12
7,12
7,12
7,12
7,12
7,12
7,12
7,12
7,12
7,12
7,12
7,12
7,12
7,12
7,12
7,12
7,12
7,12
7,12
7,12
7,12
7,12
7,12
7,12
7,12
7,12
7,12
7,12
7,12
7,12
7,12
7,12
7,12
7,12
7,12
7,12
7,12
7,12
7,12
7,12
7,12
7,12
7,12
7,12
7,12
7,12
7,12
7,12
7,12
7,12
7,12
7,12
7,12
9.66666588,9.66666588
10.36348568,10.36348568
10.46873429,10.46873429
10,10
11.16222906,11.16222906
10,10
10,10
7.38101358,7.38101358
7.97370129,7.97370129
9.40617955,9.40617955
11.95658603,11.95658603
9.67724151,9.67724151
13.30512976,13.30512976
11.63761663,11.63761663
6.40733586,6.40733586
12.40393125,12.40393125
13.73179405,13.73179405
12.81111256,12.81111256
13.49130869,13.49130869
11.78382096,11.78382096
10,10
11.66064012,11.66064012
10,10
10,10
7,12
7,12
7,12
7,12
7,12
7,12
7,12
7,12
7,12
7,12
7,12
7,12
7,12
7,12
7,12
7,12
7,12
7,12
7,12
7,12
7,12
7,12
7,12
7,12
7,12
7,12
7,12
7,12
7,12
7,12
7,12
7,12
7,12
7,12
7,12
7,12
7,12
7,12
7,12
7,12
7,12
7,12
7,12
7,12
7,12
7,12
7,12
7,12
7,12
7,12
7,12
7,12
7,12
7,12
7,12
7,12
7,12
7,12
7,12
7,12
7,12
7,12
7,12
7,12
7,12
7,12
7,12
7,12
7,12
7,12
7,12
7,12
7,12
7,12
7,12
7,12
7,12
7,12
7,12
7,12
7,12
7,12
7,12
7,12
7,12
7,12
7,12
7,12
7,12
7,12
7,12
7,12
7,12
7,12
7,12
7,12
7,12
7,12
7,12
7,12
7,12
7,12
7,12
7,12
7,12
7,12
7,12
7,12
7,12
7,12
7,12
7,12
7,12
7,12
7,12
7,12
7,12
7,12
7,12
7,12
7,12
7,12
7,12
7,12
7,12
7,12
7,12
7,12
7,12
7,12
7,12
7,12
7,12
7,12
7,12
7,12
7,12
7,12
7,12
7,12
7,12
7,12
7,12
7,12
7,12
7,12
7,12
7,12
7,12
7,12
7,12
7,12
7,12
7,12
7,12
7,12
7,12
7,12
7,12
7,12
7,12
7,12
7,12
7,12
7,12
7,12
7,12
7,12
7,12
7,12
7,12
7,12
7,12
7,12
7,12
7,12
7,12
7,12
7,12
7,12
7,12
7,12
7,12
7,12
7,12
7,12
7,12
7,12
7,12
7,12
7,12
7,12
7,12
7,12
7,12
7,12
7,12
7,12
7,12
7,12
7,12
7,12
7,12
7,12
7,12
7,12
7,12
7,12
7,12
7,12
7,12
7,12
7,12
7,12
7,12
7,12
7,12
7,12
7,12
7,12
7,12
7,12
7,12
7,12
7,12
7,12
7,12
7,12
7,12
7,12
7,12
7,12
7,12
7,12
7,12
7,12
7,12
7,12
7,12
7,12
7,12
7,12
7,12
7,12
7,12
7,12
7,12
7,12
7,12
7,12
7,12
7,12
7,12
7,12
7,12
7,12
7,12
7,12
7,12
7,12
7,12
7,12
7,12
7,12
7,12
7,12
7,12
7,12
7,12
7,12
7,12
7,12
7,12
7,12
7,12
7,12
7,12
7,12
7,12
7,12
7,12
7,12
7,12
7,12
7,12
7,12
7,12
7,12
7,12
7,12
7,12
7,12
7,12
7,12
7,12
7,12
7,12
7,12
7,12
7,12
7,12
7,12
7,12
7,12
7,12
7,12
7,12
7,12
7,12
7,12
7,12
7,12
7,12
7,12
7,12
7,12
7,12
7,12
7,12
7,12
7,12
7,12
7,12
7,12
7,12
7,12
7,12
7,12
7,12
7,12
7,12
7,12
7,12
7,12
7,12
7,12
7,12
7,12
7,12
7,12
7,12
7,12
7,12
7,12
7,12
7,12
7,12
7,12
7,12
7,12
7,12
7,12
7,12
7,12
7,12
7,12
7,12
7,12
7,12
7,12
7,12
7,12
7,12
7,12
7,12
7,12
7,12
7,12
7,12
7,12
7,12
7,12
7,12
7,12
7,12
7,12
7,12
7,12
7,12
7,12
7,12
7,12
7,12
7,12
7,12
7,12
7,12
7,12
7,12
7,12
7,12
7,12
7,12
7,12
7,12
7,12
7,12
7,12
7,12
7,12
7,12
7,12
7,12
7,12
7,12
7,12
7,12
7,12
7,12
7,12
7,12
7,12
7,12
7,12
7,12
7,12
7,12
7,12
7,12
7,12
7,12
7,12
7,12
7,12
7,12
7,12
7,12
7,12
7,12
7,12
7,12
7,12
7,12
7,12
7,12
7,12
7,12
7,12
7,12
7,12
7,12
7,12
7,12
7,12
7,12
7,12
7,12
7,12
7,12
7,12
7,12
7,12
7,12
7,12
7,12
7,12
7,12
7,12
7,12
7,12
7,12
7,12
7,12
7,12
7,12
7,12
7,12
7,12
7,12
7,12
7,12
7,12
7,12
7,12
7,12
7,12
7,12
7,12
7,12
7,12
7,12
7,12
7,12
7,12
7,12
7,12
7,12
7,12
7,12
7,12
7,12
7,12
7,12
7,12
7,12
7,12
7,12
7,12
7,12
7,12
7,12
7,12
7,12
7,12
7,12
7,12
7,12
7,12
7,12
7,12
7,12
7,12
7,12
7,12
7,12
7,12
7,12
7,12
7,12
7,12
7,12
7,12
7,12
7,12
7,12
7,12
7,12
7,12
7,12
7,12
7,12
7,12
7,12
7,12
7,12
7,12
7,12
7,12
7,12
7,12
7,12
7,12
7,12
7,12
7,12
7,12
7,12
7,12
7,12
7,12
7,12
7,12
7,12
7,12
7,12
7,12
7,12
7,12
7,12
7,12
7,12
7,12
7,12
7,12
7,12
7,12
7,12
7,12
7,12
7,12
7,12
7,12
7,12
7,12
7,12
7,12
7,12
7,12
7,12
7,12
7,12
7,12
7,12
7,12
7,12
7,12
7,12
7,12
7,12
7,12
7,12
7,12
7,12
7,12
7,12
7,12
7,12
7,12
7,12
7,12
7,12
7,12
7,12
7,12
7,12
7,12
7,12
7,12
7,12
7,12
7,12
7,12
7,12
7,12
7,12
7,12
7,12
7,12
7,12
7,12
7,12
7,12
7,12
7,12
7,12
7,12
7,12
7,12
7,12
7,12
7,12
7,12
7,12
7,12
7,12
7,12
7,12
7,12
7,12
7,12
7,12
7,12
7,12
7,12
7,12
7,12
7,12
7,12
7,12
7,12
7,12
7,12
7,12
7,12
7,12
7,12
7,12
7,12
7,12
7,12
7,12
7,12
7,12
7,12
7,12
7,12
7,12
7,12
7,12
7,12
7,12
7,12
7,12
7,12
7,12
7,12
7,12
7,12
7,12
7,12
7,12
7,12
7,12
7,12
7,12
7,12
7,12
7,12
7,12
7,12
7,12
7,12
7,12
7,12
7,12
7,12
7,12
7,12
7,12
7,12
7,12
7,12
7,12
7,12
7,12
7,12
7,12
7,12
7,12
7,12
7,12
7,12
7,12
7,12
7,12
7,12
7,12
7,12
7,12
7,12
7,12
7,12
7,12
7,12
7,12
7,12
7,12
7,12
7,12
7,12
7,12
7,12
7,12
7,12
7,12
7,12
7,12
7,12
7,12
7,12
7,12
7,12
7,12
7,12
7,12
7,12
7,12
7,12
7,12
7,12
7,12
7,12
7,12
7,12
7,12
7,12
7,12
7,12
7,12
7,12
7,12
7,12
7,12
7,12
7,12
7,12
7,12
7,12
7,12
7,12
7,12
7,12
7,12
7,12
7,12
7,12
7,12
7,12
7,12
7,12
7,12
7,12
7,12
7,12
7,12
7,12
7,12
7,12
7,12
7,12
7,12
7,12
7,12
7,12
7,12
7,12
7,12
7,12
7,12
7,12
7,12
7,12
7,12
7,12
7,12
7,12
7,12
7,12
7,12
7,12
7,12
7,12
7,12
7,12
7,12
7,12
7,12
7,12
7,12
7,12
7,12
7,12
7,12
7,12
7,12
7,12
7,12
7,12
7,12
7,12
7,12
7,12
7,12
7,12
7,12
7,12
7,12
7,12
7,12
7,12
7,12
7,12
7,12
7,12
7,12
7,12
7,12
7,12
7,12
7,12
7,12
7,12
7,12
7,12
7,12
7,12
7,12
7,12
7,12
7,12
7,12
7,12
7,12
7,12
7,12
7,12
7,12
7,12
7,12
7,12
7,12
7,12
7,12
7,12
7,12
7,12
7,12
7,12
7,12
7,12
7,12
7,12
7,12
7,12
7,12
7,12
7,12
7,12
7,12
7,12
7,12
7,12
7,12
7,12
7,12
7,12
7,12
7,12
7,12
7,12
7,12
7,12
7,12
7,12
7,12
7,12
7,12
7,12
7,12
7,12
7,12
7,12
7,12
7,12
7,12
7,12
7,12
7,12
7,12
7,12
7,12
7,12
7,12
7,12
7,12
7,12
7,12
7,12
7,12
7,12
7,12
7,12
7,12
7,12
7,12
7,12
7,12
7,12
7,12
7,12
7,12
7,12
7,12
7,12
7,12
7,12
7,12
7,12
7,12
7,12
7,12
7,12
7,12
7,12
7,12
7,12
7,12
7,12
7,12
7,12
7,12
7,12
7,12
7,12
7,12
7,12
7,12
7,12
7,12
7,12
7,12
7,12
7,12
7,12
7,12
7,12
7,12
7,12
7,12
7,12
7,12
7,12
7,12
7,12
7,12
7,12
7,12
7,12
7,12
7,12
7,12
7,12
7,12
7,12
7,12
7,12
7,12
7,12
7,12
7,12
7,12
7,12
7,12
7,12
7,12
7,12
7,12
7,12
7,12
7,12
7,12
7,12
7,12
7,12
7,12
7,12
7,12
7,12
7,12
7,12
7,12
7,12
7,12
7,12
7,12
7,12
7,12
7,12
7,12
7,12
7,12
7,12
7,12
7,12
7,12
7,12
7,12
7,12
7,12
7,12
7,12
7,12
7,12
7,12
7,12
7,12
7,12
7,12
7,12
7,12
7,12
7,12
7,12
7,12
7,12
7,12
7,12
7,12
7,12
7,12
7,12
7,12
7,12
7,12
7,12
7,12
7,12
7,12
7,12
7,12
7,12
7,12
7,12
7,12
7,12
7,12
7,12
7,12
7,12
7,12
7,12
7,12
7,12
7,12
7,12
7,12
7,12
7,12
7,12
7,12
7,12
7,12
7,12
7,12
7,12
7,12
7,12
7,12
7,12
7,12
7,12
7,12
7,12
7,12
7,12
7,12
7,12
7,12
7,12
7,12
7,12
7,12
7,12
7,12
7,12
7,12
7,12
7,12
7,12
7,12
7,12
7,12
7,12
7,12
7,12
7,12
7,12
7,12
7,12
7,12
7,12
7,12
7,12
7,12
7,12
7,12
7,12
7,12
7,12
7,12
7,12
7,12
7,12
7,12
7,12
7,12
7,12
7,12
7,12
7,12
7,12
7,12
7,12
7,12
7,12
7,12
7,12
7,12
7,12
7,12
7,12
7,12
7,12
7,12
7,12
7,12
7,12
7,12
7,12
7,12
7,12
7,12
7,12
7,12
7,12
7,12
7,12
7,12
7,12
7,12
7,12
7,12
7,12
7,12
7,12
7,12
7,12
7,12
7,12
7,12
7,12
7,12
7,12
7,12
7,12
7,12
7,12
7,12
7,12
7,12
7,12
7,12
7,12
7,12
7,12
7,12
7,12
7,12
7,12
7,12
7,12
7,12
7,12
7,12
7,12
7,12
7,12
7,12
7,12
7,12
7,12
7,12
7,12
7,12
7,12
7,12
7,12
7,12
7,12
7,12
7,12
7,12
7,12
7,12
7,12
7,12
7,12
7,12
7,12
7,12
7,12
7,12
7,12
7,12
7,12
7,12
7,12
7,12
7,12
7,12
7,12
7,12
7,12
7,12
7,12
7,12
7,12
7,12
7,12
7,12
7,12
7,12
7,12
7,12
7,12
7,12
7,12
7,12
7,12
7,12
7,12
7,12
7,12
7,12
7,12
7,12
7,12
7,12
7,12
7,12
7,12
7,12
7,12
7,12
7,12
7,12
7,12
7,12
7,12
7,12
7,12
7,12
7,12
7,12
7,12
7,12
7,12
7,12
7,12
7,12
7,12
7,12
7,12
7,12
7,12
7,12
7,12
7,12
7,12
7,12
7,12
7,12
7,12
7,12
7,12
7,12
7,12
7,12
7,12
7,12
7,12
7,12
7,12
7,12
7,12
7,12
7,12
7,12
7,12
7,12
7,12
7,12
7,12
7,12
7,12
7,12
7,12
7,12
7,12
7,12
7,12
7,12
7,12
7,12
7,12
7,12
7,12
7,12
7,12
7,12
7,12
7,12
7,12
7,12
7,12
7,12
7,12
7,12
7,12
7,12
7,12
7,12
7,12
7,12
7,12
7,12
7,12
7,12
7,12
7,12
7,12
7,12
7,12
7,12
7,12
7,12
7,12
7,12
7,12
7,12
7,12
7,12
7,12
7,12
7,12
7,12
7,12
7,12
7,12
7,12
7,12
7,12
7,12
7,12
7,12
7,12
7,12
7,12
7,12
7,12
7,12
7,12
7,12
7,12
7,12
7,12
7,12
7,12
7,12
7,12
7,12
7,12
7,12
7,12
7,12
7,12
7,12
7,12
7,12
7,12
7,12
7,12
7,12
7,12
7,12
7,12
7,12
7,12
7,12
7,12
7,12
7,12
7,12
7,12
7,12
7,12
7,12
7,12
7,12
7,12
7,12
7,12
7,12
7,12
7,12
7,12
7,12
7,12
7,12
7,12
7,12
7,12
7,12
7,12
7,12
7,12
7,12
7,12
7,12
7,12
7,12
7,12
7,12
7,12
7,12
7,12
7,12
7,12
7,12
7,12
7,12
7,12
7,12
7,12
7,12
7,12
7,12
7,12
7,12
7,12
7,12
7,12
7,12
7,12
7,12
7,12
7,12
7,12
7,12
7,12
7,12
7,12
7,12
7,12
7,12
7,12
7,12
7,12
7,12
7,12
7,12
7,12
7,12
7,12
7,12
7,12
7,12
7,12
7,12
7,12
7,12
7,12
7,12
7,12
7,12
7,12
7,12
7,12
7,12
7,12
7,12
7,12
7,12
7,12
7,12
7,12
7,12
7,12
7,12
7,12
7,12
7,12
7,12
7,12
7,12
7,12
7,12
7,12
7,12
7,12
7,12
7,12
7,12
7,12
7,12
7,12
7,12
7,12
7,12
7,12
7,12
7,12
7,12
7,12
7,12
7,12
7,12
7,12
7,12
7,12
7,12
7,12
7,12
7,12
7,12
7,12
7,12
7,12
7,12
7,12
7,12
7,12
7,12
7,12
7,12
7,12
7,12
7,12
7,12
7,12
7,12
7,12
7,12
7,12
7,12
7,12
7,12
7,12
7,12
7,12
7,12
7,12
7,12
7,12
7,12
7,12
7,12
7,12
7,12
7,12
7,12
7,12
7,12
7,12
7,12
7,12
7,12
7,12
7,12
7,12
7,12
7,12
7,12
7,12
7,12
7,12
7,12
7,12
7,12
7,12
7,12
7,12
7,12
7,12
7,12
7,12
7,12
7,12
7,12
7,12
7,12
7,12
7,12
7,12
7,12
7,12
7,12
7,12
7,12
7,12
7,12
7,12
7,12
7,12
7,12
7,12
7,12
7,12
7,12
7,12
7,12
7,12
7,12
7,12
7,12
7,12
7,12
7,12
7,12
7,12
7,12
7,12
7,12
7,12
7,12
7,12
7,12
7,12
7,12
7,12
7,12
7,12
7,12
7,12
7,12
7,12
7,12
7,12
7,12
7,12
7,12
7,12
7,12
7,12
7,12
7,12
7,12
7,12
7,12
7,12
7,12
7,12
7,12
7,12
7,12
7,12
7,12
7,12
7,12
7,12
7,12
7,12
7,12
7,12
7,12
7,12
7,12
7,12
7,12
7,12
7,12
7,12
7,12
7,12
7,12
7,12
7,12
7,12
7,12
7,12
7,12
7,12
7,12
7,12
7,12
7,12
7,12
7,12
7,12
7,12
7,12
7,12
7,12
7,12
7,12
7,12
7,12
7,12
7,12
7,12
7,12
7,12
7,12
7,12
7,12
7,12
7,12
7,12
7,12
7,12
7,12
7,12
7,12
7,12
7,12
7,12
7,12
7,12
7,12
7,12
7,12
7,12
7,12
7,12
7,12
7,12
7,12
7,12
7,12
7,12
7,12
7,12
7,12
7,12
7,12
7,12
7,12
7,12
7,12
7,12
7,12
7,12
7,12
7,12
7,12
7,12
7,12
7,12
7,12
7,12
7,12
7,12
7,12
7,12
7,12
7,12
7,12
7,12
7,12
7,12
7,12
7,12
7,12
7,12
7,12
7,12
7,12
7,12
7,12
7,12
7,12
7,12
7,12
7,12
7,12
7,12
7,12
7,12
7,12
7,12
7,12
7,12
7,12
7,12
7,12
7,12
7,12
7,12
7,12
7,12
7,12
7,12
7,12
7,12
7,12
7,12
7,12
7,12
7,12
7,12
7,12
7,12
7,12
7,12
7,12
7,12
7,12
7,12
7,12
7,12
7,12
7,12
7,12
7,12
7,12
7,12
7,12
7,12
7,12
7,12
7,12
7,12
7,12
7,12
7,12
7,12
7,12
7,12
7,12
7,12
7,12
7,12
7,12
7,12
7,12
7,12
7,12
7,12
7,12
7,12
7,12
7,12
7,12
7,12
7,12
7,12
7,12
7,12
7,12
7,12
7,12
7,12
7,12
7,12
7,12
7,12
7,12
7,12
7,12
7,12
7,12
7,12
7,12
7,12
7,12
7,12
7,12
7,12
7,12
7,12
7,12
7,12
7,12
7,12
7,12
7,12
7,12
7,12
7,12
7,12
7,12
7,12
7,12
7,12
7,12
7,12
7,12
7,12
7,12
7,12
7,12
7,12
7,12
7,12
7,12
7,12
7,12
7,12
7,12
7,12
7,12
7,12
7,12
7,12
7,12
7,12
7,12
7,12
7,12
7,12
7,12
7,12
7,12
7,12
7,12
7,12
7,12
7,12
7,12
7,12
7,12
7,12
7,12
7,12
7,12
7,12
7,12
7,12
7,12
7,12
7,12
7,12
7,12
7,12
7,12
7,12
7,12
7,12
7,12
7,12
7,12
7,12
7,12
7,12
7,12
7,12
7,12
7,12
7,12
7,12
7,12
7,12
7,12
7,12
7,12
7,12
7,12
7,12
7,12
7,12
7,12
7,12
7,12
7,12
7,12
7,12
7,12
7,12
7,12
7,12
7,12
7,12
7,12
7,12
7,12
7,12
7,12
7,12
7,12
7,12
7,12
7,12
7,12
7,12
7,12
7,12
7,12
7,12
7,12
7,12
7,12
7,12
7,12
7,12
7,12
7,12
7,12
7,12
7,12
7,12
7,12
7,12
7,12
7,12
7,12
7,12
7,12
7,12
7,12
7,12
7,12
7,12
7,12
7,12
7,12
7,12
7,12
7,12
7,12
7,12
7,12
7,12
7,12
7,12
7,12
7,12
7,12
7,12
7,12
7,12
7,12
7,12
7,12
7,12
7,12
7,12
7,12
7,12
7,12
7,12
7,12
7,12
7,12
7,12
7,12
7,12
7,12
7,12
7,12
7,12
7,12
7,12
7,12
7,12
7,12
7,12
7,12
7,12
7,12
7,12
7,12
7,12
7,12
7,12
7,12
7,12
7,12
7,12
7,12
7,12
7,12
7,12
7,12
7,12
7,12
7,12
7,12
7,12
7,12
7,12
7,12
7,12
7,12
7,12
7,12
7,12
7,12
7,12
7,12
7,12
7,12
7,12
7,12
7,12
7,12
7,12
7,12
7,12
7,12
7,12
7,12
7,12
7,12
7,12
7,12
7,12
7,12
7,12
7,12
7,12
7,12
7,12
7,12
7,12
7,12
7,12
7,12
7,12
7,12
7,12
7,12
7,12
7,12
7,12
7,12
7,12
7,12
7,12
7,12
7,12
7,12
7,12
7,12
7,12
7,12
7,12
7,12
7,12
7,12
7,12
7,12
7,12
7,12
7,12
7,12
7,12
7,12
7,12
7,12
7,12
7,12
7,12
7,12
7,12
7,12
7,12
7,12
7,12
7,12
7,12
7,12
7,12
7,12
7,12
7,12
7,12
7,12
7,12
7,12
7,12
7,12
7,12
7,12
7,12
7,12
7,12
7,12
7,12
7,12
7,12
7,12
7,12
7,12
7,12
7,12
7,12
7,12
7,12
7,12
7,12
7,12
7,12
7,12
7,12
7,12
7,12
7,12
7,12
7,12
7,12
7,12
7,12
7,12
7,12
7,12
7,12
7,12
7,12
7,12
7,12
7,12
7,12
7,12
7,12
7,12
7,12
7,12
7,12
7,12
7,12
7,12
7,12
7,12
7,12
7,12
7,12
7,12
7,12
7,12
7,12
7,12
7,12
7,12
7,12
7,12
7,12
7,12
7,12
7,12
7,12
7,12
7,12
7,12
7,12
7,12
7,12
7,12
7,12
7,12
7,12
7,12
7,12
7,12
7,12
7,12
7,12
7,12
7,12
7,12
7,12
7,12
7,12
7,12
7,12
7,12
7,12
7,12
7,12
7,12
7,12
7,12
7,12
7,12
7,12
7,12
7,12
7,12
7,12
7,12
7,12
7,12
7,12
7,12
7,12
7,12
7,12
7,12
7,12
7,12
7,12
7,12
7,12
7,12
7,12
7,12
7,12
7,12
7,12
7,12
7,12
7,12
7,12
7,12
7,12
7,12
7,12
7,12
7,12
7,12
7,12
7,12
7,12
7,12
7,12
7,12
7,12
7,12
7,12
7,12
7,12
7,12
7,12
7,12
7,12
7,12
7,12
7,12
7,12
7,12
7,12
7,12
7,12
7,12
7,12
7,12
7,12
7,12
7,12
7,12
7,12
7,12
7,12
7,12
7,12
7,12
7,12
7,12
7,12
7,12
7,12
7,12
7,12
7,12
7,12
7,12
7,12
7,12
7,12
7,12
7,12
7,12
7,12
7,12
7,12
7,12
7,12
7,12
7,12
7,12
7,12
7,12
7,12
7,12
7,12
7,12
7,12
7,12
7,12
7,12
7,12
7,12
7,12
7,12
7,12
7,12
7,12
7,12
7,12
7,12
7,12
7,12
7,12
7,12
7,12
7,12
7,12
7,12
7,12
7,12
7,12
7,12
7,12
7,12
7,12
7,12
7,12
7,12
7,12
7,12
7,12
7,12
7,12
7,12
7,12
7,12
7,12
7,12
7,12
7,12
7,12
7,12
7,12
7,12
7,12
7,12
7,12
7,12
7,12
7,12
7,12
7,12
7,12
7,12
7,12
7,12
7,12
7,12
7,12
7,12
7,12
7,12
7,12
7,12
7,12
7,12
7,12
7,12
7,12
7,12
7,12
7,12
7,12
7,12
7,12
7,12
7,12
7,12
7,12
7,12
7,12
7,12
7,12
7,12
7,12
7,12
7,12
7,12
7,12
7,12
7,12
7,12
7,12
7,12
7,12
7,12
7,12
7,12
7,12
7,12
7,12
7,12
7,12
7,12
7,12
7,12
7,12
7,12
7,12
7,12
7,12
7,12
7,12
7,12
7,12
7,12
7,12
7,12
7,12
7,12
7,12
7,12
7,12
7,12
7,12
7,12
7,12
7,12
7,12
7,12
7,12
7,12
7,12
7,12
7,12
7,12
7,12
7,12
7,12
7,12
7,12
7,12
7,12
7,12
7,12
7,12
7,12
7,12
7,12
7,12
7,12
7,12
7,12
7,12
7,12
7,12
7,12
7,12
7,12
7,12
7,12
7,12
7,12
7,12
7,12
7,12
7,12
7,12
7,12
7,12
7,12
7,12
7,12
7,12
7,12
7,12
7,12
7,12
7,12
7,12
7,12
7,12
7,12
7,12
7,12
7,12
7,12
7,12
7,12
7,12
7,12
7,12
7,12
7,12
7,12
7,12
7,12
7,12
7,12
7,12
7,12
7,12
7,12
7,12
7,12
7,12
7,12
7,12
7,12
7,12
7,12
7,12
7,12
7,12
7,12
7,12
7,12
7,12
7,12
7,12
7,12
7,12
7,12
7,12
7,12
7,12
7,12
7,12
7,12
7,12
7,12
7,12
7,12
7,12
7,12
7,12
7,12
7,12
7,12
7,12
7,12
7,12
7,12
7,12
7,12
7,12
7,12
7,12
7,12
7,12
7,12
7,12
7,12
7,12
7,12
7,12
7,12
7,12
7,12
7,12
7,12
7,12
7,12
7,12
7,12
7,12
7,12
7,12
7,12
7,12
7,12
7,12
7,12
7,12
7,12
7,12
7,12
7,12
7,12
7,12
7,12
7,12
7,12
7,12
7,12
7,12
7,12
7,12
7,12
7,12
7,12
7,12
7,12
7,12
7,12
7,12
7,12
7,12
7,12
7,12
7,12
7,12
7,12
7,12
7,12
7,12
7,12
7,12
7,12
7,12
7,12
7,12
7,12
7,12
7,12
7,12
7,12
7,12
7,12
7,12
7,12
7,12
7,12
7,12
7,12
7,12
7,12
7,12
7,12
7,12
7,12
7,12
7,12
7,12
7,12
7,12
7,12
7,12
7,12
7,12
7,12
7,12
7,12
7,12
7,12
7,12
7,12
7,12
7,12
7,12
7,12
7,12
7,12
7,12
7,12
7,12
7,12
7,12
7,12
7,12
7,12
7,12
7,12
7,12
7,12
7,12
7,12
7,12
7,12
7,12
7,12
7,12
7,12
7,12
7,12
7,12
7,12
7,12
7,12
7,12
7,12
7,12
7,12
7,12
7,12
7,12
7,12
7,12
7,12
7,12
7,12
7,12
7,12
7,12
7,12
7,12
7,12
7,12
7,12
7,12
7,12
7,12
7,12
7,12
7,12
7,12
7,12
7,12
7,12
7,12
7,12
7,12
7,12
7,12
7,12
7,12
7,12
7,12
7,12
7,12
7,12
7,12
7,12
7,12
7,12
7,12
7,12
7,12
7,12
7,12
7,12
7,12
7,12
7,12
7,12
7,12
7,12
7,12
7,12
7,12
7,12
7,12
7,12
7,12
7,12
7,12
7,12
7,12
7,12
7,12
7,12
7,12
7,12
7,12
7,12
7,12
7,12
7,12
7,12
7,12
7,12
7,12
7,12
7,12
7,12
7,12
7,12
7,12
7,12
7,12
7,12
7,12
7,12
7,12
7,12
7,12
7,12
7,12
7,12
7,12
7,12
7,12
7,12
7,12
7,12
7,12
7,12
7,12
7,12
7,12
7,12
7,12
7,12
7,12
7,12
7,12
7,12
7,12
7,12
7,12
7,12
7,12
7,12
7,12
7,12
7,12
7,12
7,12
7,12
7,12
7,12
7,12
7,12
7,12
7,12
7,12
7,12
7,12
7,12
7,12
7,12
7,12
7,12
7,12
7,12
7,12
7,12
7,12
7,12
7,12
7,12
7,12
7,12
7,12
7,12
7,12
7,12
7,12
7,12
7,12
7,12
7,12
7,12
7,12
7,12
7,12
7,12
7,12
7,12
7,12
7,12
7,12
7,12
7,12
7,12
7,12
7,12
7,12
7,12
7,12
7,12
7,12
7,12
7,12
7,12
7,12
7,12
7,12
7,12
7,12
7,12
7,12
7,12
7,12
7,12
7,12
7,12
7,12
7,12
7,12
7,12
7,12
7,12
7,12
7,12
7,12
7,12
7,12
7,12
7,12
7,12
7,12
7,12
7,12
7,12
7,12
7,12
7,12
7,12
7,12
7,12
7,12
7,12
7,12
7,12
7,12
7,12
7,12
7,12
7,12
7,12
7,12
7,12
7,12
7,12
7,12
7,12
7,12
7,12
7,12
7,12
7,12
7,12
7,12
7,12
7,12
7,12
7,12
7,12
7,12
7,12
7,12
7,12
7,12
7,12
7,12
7,12
7,12
7,12
7,12
7,12
7,12
7,12
7,12
7,12
7,12
7,12
7,12
7,12
7,12
7,12
7,12
7,12
7,12
7,12
7,12
7,12
7,12
7,12
7,12
7,12
7,12
7,12
7,12
7,12
7,12
7,12
7,12
7,12
7,12
7,12
7,12
7,12
7,12
7,12
7,12
7,12
7,12
7,12
7,12
7,12
7,12
7,12
7,12
7,12
7,12
7,12
7,12
7,12
7,12
7,12
7,12
7,12
7,12
7,12
7,12
7,12
7,12
7,12
7,12
7,12
7,12
7,12
7,12
7,12
7,12
7,12
7,12
7,12
7,12
7,12
7,12
7,12
7,12
7,12
7,12
7,12
7,12
7,12
7,12
7,12
7,12
7,12
7,12
7,12
7,12
7,12
7,12
7,12
7,12
7,12
7,12
7,12
7,12
7,12
7,12
7,12
7,12
7,12
7,12
7,12
7,12
7,12
7,12
7,12
7,12
7,12
7,12
7,12
7,12
7,12
7,12
7,12
7,12
7,12
7,12
7,12
7,12
7,12
7,12
7,12
7,12
7,12
7,12
7,12
7,12
7,12
7,12
7,12
7,12
7,12
7,12
7,12
7,12
7,12
7,12
7,12
7,12
7,12
7,12
7,12
7,12
7,12
7,12
7,12
7,12
7,12
7,12
7,12
7,12
7,12
7,12
7,12
7,12
7,12
7,12
7,12
7,12
7,12
7,12
7,12
7,12
7,12
7,12
7,12
7,12
7,12
7,12
7,12
7,12
7,12
7,12
7,12
7,12
7,12
7,12
7,12
7,12
7,12
7,12
7,12
7,12
7,12
7,12
7,12
7,12
7,12
7,12
7,12
7,12
7,12
7,12
7,12
7,12
7,12
7,12
7,12
7,12
7,12
7,12
7,12
7,12
7,12
7,12
7,12
7,12
7,12
7,12
7,12
7,12
7,12
7,12
7,12
7,12
7,12
7,12
7,12
7,12
7,12
7,12
7,12
7,12
7,12
7,12
7,12
7,12
7,12
7,12
7,12
7,12
7,12
7,12
7,12
7,12
7,12
7,12
7,12
7,12
7,12
7,12
7,12
7,12
7,12
7,12
7,12
7,12
7,12
7,12
7,12
7,12
7,12
7,12
7,12
7,12
7,12
7,12
7,12
7,12
7,12
7,12
7,12
7,12
7,12
7,12
7,12
7,12
7,12
7,12
7,12
7,12
7,12
7,12
7,12
7,12
7,12
7,12
7,12
7,12
7,12
7,12
7,12
7,12
7,12
7,12
7,12
7,12
7,12
7,12
7,12
7,12
7,12
7,12
7,12
7,12
7,12
7,12
7,12
7,12
7,12
7,12
7,12
7,12
7,12
7,12
7,12
7,12
7,12
7,12
7,12
7,12
7,12
7,12
7,12
7,12
7,12
7,12
7,12
7,12
7,12
7,12
7,12
7,12
7,12
7,12
7,12
7,12
7,12
7,12
7,12
7,12
7,12
7,12
7,12
7,12
7,12
7,12
7,12
7,12
7,12
7,12
7,12
7,12
7,12
7,12
7,12
7,12
7,12
7,12
7,12
7,12
7,12
7,12
7,12
7,12
7,12
7,12
7,12
7,12
7,12
7,12
7,12
7,12
7,12
7,12
7,12
7,12
7,12
7,12
7,12
7,12
7,12
7,12
7,12
7,12
7,12
7,12
7,12
7,12
7,12
7,12
7,12
7,12
7,12
7,12
7,12
7,12
7,12
7,12
7,12
7,12
7,12
7,12
7,12
7,12
7,12
7,12
7,12
7,12
7,12
7,12
7,12
7,12
7,12
7,12
7,12
7,12
7,12
7,12
7,12
7,12
7,12
7,12
7,12
7,12
7,12
7,12
7,12
7,12
7,12
7,12
7,12
7,12
7,12
7,12
7,12
7,12
7,12
7,12
7,12
7,12
7,12
7,12
7,12
7,12
7,12
7,12
7,12
7,12
7,12
7,12
7,12
7,12
7,12
7,12
7,12
7,12
7,12
7,12
7,12
7,12
7,12
7,12
7,12
7,12
7,12
7,12
7,12
7,12
7,12
7,12
7,12
7,12
7,12
7,12
7,12
7,12
7,12
7,12
7,12
7,12
7,12
7,12
7,12
7,12
7,12
7,12
7,12
7,12
7,12
7,12
7,12
7,12
7,12
7,12
7,12
7,12
7,12
7,12
7,12
7,12
7,12
7,12
7,12
7,12
7,12
7,12
7,12
7,12
7,12
7,12
7,12
7,12
7,12
7,12
7,12
7,12
7,12
7,12
7,12
7,12
7,12
7,12
7,12
7,12
7,12
7,12
7,12
7,12
7,12
7,12
7,12
7,12
7,12
7,12
7,12
7,12
7,12
7,12
7,12
7,12
7,12
7,12
7,12
7,12
7,12
7,12
7,12
7,12
7,12
7,12
7,12
7,12
7,12
7,12
7,12
7,12
7,12
7,12
7,12
7,12
7,12
7,12
7,12
7,12
7,12
7,12
7,12
7,12
7,12
7,12
7,12
7,12
7,12
7,12
7,12
7,12
7,12
7,12
7,12
7,12
7,12
7,12
7,12
7,12
7,12
7,12
7,12
7,12
7,12
7,12
7,12
7,12
7,12
7,12
7,12
7,12
7,12
7,12
7,12
7,12
7,12
7,12
7,12
7,12
7,12
7,12
7,12
7,12
7,12
7,12
7,12
7,12
7,12
7,12
7,12
7,12
7,12
7,12
7,12
7,12
7,12
7,12
7,12
7,12
7,12
7,12
7,12
7,12
7,12
7,12
7,12
7,12
7,12
7,12
7,12
7,12
7,12
7,12
7,12
7,12
7,12
7,12
7,12
7,12
7,12
7,12
7,12
7,12
7,12
7,12
7,12
7,12
7,12
7,12
7,12
7,12
7,12
7,12
7,12
7,12
7,12
7,12
7,12
7,12
7,12
7,12
7,12
7,12
7,12
7,12
7,12
7,12
7,12
7,12
7,12
7,12
7,12
7,12
7,12
7,12
7,12
7,12
7,12
7,12
7,12
7,12
7,12
7,12
7,12
7,12
7,12
7,12
7,12
7,12
7,12
7,12
7,12
7,12
7,12
7,12
7,12
7,12
7,12
7,12
7,12
7,12
7,12
7,12
7,12
7,12
7,12
7,12
7,12
7,12
7,12
7,12
7,12
7,12
7,12
7,12
7,12
7,12
7,12
7,12
7,12
7,12
7,12
7,12
7,12
7,12
7,12
7,12
7,12
7,12
7,12
7,12
7,12
7,12
7,12
7,12
7,12
7,12
7,12
7,12
7,12
7,12
7,12
7,12
7,12
7,12
7,12
7,12
7,12
7,12
7,12
7,12
7,12
7,12
7,12
7,12
7,12
7,12
7,12
7,12
7,12
7,12
7,12
7,12
7,12
7,12
7,12
7,12
7,12
7,12
7,12
7,12
7,12
7,12
7,12
7,12
7,12
7,12
7,12
7,12
7,12
7,12
7,12
7,12
7,12
7,12
7,12
7,12
7,12
7,12
7,12
7,12
7,12
7,12
7,12
7,12
7,12
7,12
7,12
7,12
7,12
7,12
7,12
7,12
7,12
7,12
7,12
7,12
7,12
7,12
7,12
7,12
7,12
7,12
7,12
7,12
7,12
7,12
7,12
7,12
7,12
7,12
7,12
7,12
7,12
7,12
7,12
7,12
7,12
7,12
7,12
7,12
7,12
7,12
7,12
7,12
7,12
7,12
7,12
7,12
7,12
7,12
7,12
7,12
7,12
7,12
7,12
7,12
7,12
7,12
7,12
7,12
7,12
7,12
7,12
7,12
7,12
7,12
7,12
7,12
7,12
7,12
7,12
7,12
7,12
7,12
7,12
7,12
7,12
7,12
7,12
7,12
7,12
7,12
7,12
7,12
7,12
7,12
7,12
7,12
7,12
7,12
7,12
7,12
7,12
7,12
7,12
7,12
7,12
7,12
7,12
7,12
7,12
7,12
7,12
7,12
7,12
7,12
7,12
7,12
7,12
7,12
7,12
7,12
7,12
7,12
7,12
7,12
7,12
7,12
7,12
7,12
7,12
7,12
7,12
7,12
7,12
7,12
7,12
7,12
7,12
7,12
7,12
7,12
7,12
7,12
7,12
7,12
7,12
7,12
7,12
7,12
7,12
7,12
7,12
7,12
7,12
7,12
7,12
7,12
7,12
7,12
7,12
7,12
7,12
7,12
7,12
7,12
7,12
7,12
7,12
7,12
7,12
7,12
7,12
7,12
7,12
7,12
7,12
7,12
7,12
7,12
7,12
7,12
7,12
7,12
7,12
7,12
7,12
7,12
7,12
7,12
7,12
7,12
7,12
7,12
7,12
7,12
7,12
7,12
7,12
7,12
7,12
7,12
7,12
7,12
7,12
7,12
7,12
7,12
7,12
7,12
7,12
7,12
7,12
7,12
7,12
7,12
7,12
7,12
7,12
7,12
7,12
7,12
7,12
7,12
7,12
7,12
7,12
7,12
7,12
7,12
7,12
7,12
7,12
7,12
7,12
7,12
7,12
7,12
7,12
7,12
7,12
7,12
7,12
7,12
7,12
7,12
7,12
7,12
7,12
7,12
7,12
7,12
7,12
7,12
7,12
7,12
7,12
7,12
7,12
7,12
7,12
7,12
7,12
7,12
7,12
7,12
7,12
7,12
7,12
7,12
7,12
7,12
7,12
7,12
7,12
7,12
7,12
7,12
7,12
7,12
7,12
7,12
7,12
7,12
7,12
7,12
7,12
7,12
7,12
7,12
7,12
7,12
7,12
7,12
7,12
7,12
7,12
7,12
7,12
7,12
7,12
7,12
7,12
7,12
7,12
7,12
7,12
7,12
7,12
7,12
7,12
7,12
7,12
7,12
7,12
7,12
7,12
7,12
7,12
7,12
7,12
7,12
7,12
7,12
7,12
7,12
7,12
7,12
7,12
7,12
7,12
7,12
7,12
7,12
7,12
7,12
7,12
7,12
7,12
7,12
7,12
7,12
7,12
7,12
7,12
7,12
7,12
7,12
7,12
7,12
7,12
7,12
7,12
7,12
7,12
7,12
7,12
7,12
7,12
7,12
7,12
7,12
7,12
7,12
7,12
7,12
7,12
7,12
7,12
7,12
7,12
7,12
7,12
7,12
7,12
7,12
7,12
7,12
7,12
7,12
7,12
7,12
7,12
7,12
7,12
7,12
7,12
7,12
7,12
7,12
7,12
7,12
7,12
7,12
7,12
7,12
7,12
7,12
7,12
7,12
7,12
7,12
7,12
7,12
7,12
7,12
7,12
7,12
7,12
7,12
7,12
7,12
7,12
7,12
7,12
7,12
7,12
7,12
7,12
7,12
7,12
7,12
7,12
7,12
7,12
7,12
7,12
7,12
7,12
7,12
7,12
7,12
7,12
7,12
7,12
7,12
7,12
7,12
7,12
7,12
7,12
7,12
7,12
7,12
7,12
7,12
7,12
7,12
7,12
7,12
7,12
7,12
7,12
7,12
7,12
7,12
7,12
7,12
7,12
7,12
7,12
7,12
7,12
7,12
7,12
7,12
7,12
7,12
7,12
7,12
7,12
7,12
7,12
7,12
7,12
7,12
7,12
7,12
7,12
7,12
7,12
7,12
7,12
7,12
7,12
7,12
7,12
7,12
7,12
7,12
7,12
7,12
7,12
7,12
7,12
7,12
7,12
7,12
7,12
7,12
7,12
7,12
7,12
7,12
7,12
7,12
7,12
7,12
7,12
7,12
7,12
7,12
7,12
7,12
7,12
7,12
7,12
7,12
7,12
7,12
7,12
7,12
7,12
7,12
7,12
7,12
7,12
7,12
7,12
7,12
7,12
7,12
7,12
7,12
7,12
7,12
7,12
7,12
7,12
7,12
7,12
7,12
7,12
7,12
7,12
7,12
7,12
7,12
7,12
7,12
7,12
7,12
7,12
7,12
7,12
7,12
7,12
